-- MySQL dump 10.17  Distrib 10.3.16-MariaDB, for Win64 (AMD64)
--
-- Host: 127.0.0.1    Database: amzbooksfinal
-- ------------------------------------------------------
-- Server version	10.3.16-MariaDB

/*!40101 SET @OLD_CHARACTER_SET_CLIENT=@@CHARACTER_SET_CLIENT */;
/*!40101 SET @OLD_CHARACTER_SET_RESULTS=@@CHARACTER_SET_RESULTS */;
/*!40101 SET @OLD_COLLATION_CONNECTION=@@COLLATION_CONNECTION */;
/*!40101 SET NAMES utf8 */;
/*!40103 SET @OLD_TIME_ZONE=@@TIME_ZONE */;
/*!40103 SET TIME_ZONE='+00:00' */;
/*!40014 SET @OLD_UNIQUE_CHECKS=@@UNIQUE_CHECKS, UNIQUE_CHECKS=0 */;
/*!40014 SET @OLD_FOREIGN_KEY_CHECKS=@@FOREIGN_KEY_CHECKS, FOREIGN_KEY_CHECKS=0 */;
/*!40101 SET @OLD_SQL_MODE=@@SQL_MODE, SQL_MODE='NO_AUTO_VALUE_ON_ZERO' */;
/*!40111 SET @OLD_SQL_NOTES=@@SQL_NOTES, SQL_NOTES=0 */;

--
-- Table structure for table `api_keys`
--

DROP TABLE IF EXISTS `api_keys`;
/*!40101 SET @saved_cs_client     = @@character_set_client */;
/*!40101 SET character_set_client = utf8 */;
CREATE TABLE `api_keys` (
  `id` bigint(20) unsigned NOT NULL AUTO_INCREMENT,
  `apikey` varchar(255) COLLATE utf8mb4_unicode_ci NOT NULL,
  `userId` bigint(20) NOT NULL,
  `created_at` timestamp NULL DEFAULT NULL,
  `updated_at` timestamp NULL DEFAULT NULL ON UPDATE current_timestamp(),
  PRIMARY KEY (`id`)
) ENGINE=InnoDB AUTO_INCREMENT=5 DEFAULT CHARSET=utf8mb4 COLLATE=utf8mb4_unicode_ci;
/*!40101 SET character_set_client = @saved_cs_client */;

--
-- Dumping data for table `api_keys`
--

LOCK TABLES `api_keys` WRITE;
/*!40000 ALTER TABLE `api_keys` DISABLE KEYS */;
INSERT INTO `api_keys` VALUES (1,'FIRSTKEY',1,NULL,NULL);
/*!40000 ALTER TABLE `api_keys` ENABLE KEYS */;
UNLOCK TABLES;

--
-- Table structure for table `books`
--

DROP TABLE IF EXISTS `books`;
/*!40101 SET @saved_cs_client     = @@character_set_client */;
/*!40101 SET character_set_client = utf8 */;
CREATE TABLE `books` (
  `id` bigint(20) unsigned NOT NULL AUTO_INCREMENT,
  `title` varchar(255) COLLATE utf8mb4_unicode_ci NOT NULL,
  `author` varchar(255) COLLATE utf8mb4_unicode_ci NOT NULL,
  `image` text COLLATE utf8mb4_unicode_ci,
  `publisher` varchar(100) COLLATE utf8mb4_unicode_ci DEFAULT NULL,
  `description` text COLLATE utf8mb4_unicode_ci NOT NULL,
  `created_at` timestamp NULL DEFAULT NULL,
  `updated_at` timestamp NULL DEFAULT NULL,
  PRIMARY KEY (`id`)
) ENGINE=InnoDB AUTO_INCREMENT=245 DEFAULT CHARSET=utf8mb4 COLLATE=utf8mb4_unicode_ci;
/*!40101 SET character_set_client = @saved_cs_client */;

--
-- Dumping data for table `books`
--

LOCK TABLES `books` WRITE;
/*!40000 ALTER TABLE `books` DISABLE KEYS */;
INSERT INTO `books` VALUES (1,'Algo tan sencillo como darte un beso','Blue Jeans','https://i.pinimg.com/originals/cf/22/b1/cf22b1cf7e7d6e7e5900e36113b42b35.jpg',NULL,'David, Elena, Óscar, Iria, Julen, Manu, Ainhoa y Toni, los chicos del pasillo 1 b vuelven a la residencia Benjamín Franklin después de las vacaciones de Navidad. Con ellos, también las nuevas parejas de David y Elena, Marta y Martín, que siguen adelante con su relación. Pero no están todos, falta Nicole, que tuvo que marcharse a Valencia, con su familia, tras sufrir una agresión xenófoba en el Starbucks donde trabajaba. Los chicos la echan mucho de menos, y ella está deseando volver, pero su familia no quiere ni oír hablar de ello; aún no se les ha quitado el susto del cuerpo. Aunque aparentemente todo sigue igual, los chicos se enfrentarán en este nuevo trimestre a las más variopintas situaciones: fenómenos semiparanormales, cambios de rumbo inesperados y la aparición en sus vidas de alguien que no debería estar, nuevos amores sorprendentes y otras rupturas previsibles. Un nuevo trimestre que promete no defraudar a nadie...','2020-05-28 14:31:00','2020-06-08 12:02:48'),(2,'El bolígrafo de gel verde','Eloy Moreno','https://images-na.ssl-images-amazon.com/images/I/91WDfrSWmdL.jpg',NULL,'¿Puede alguien vivir en 445 m2 durante el resto de su vida? El gran best seller de Eloy Moreno de nuevo al alcance de los lectores. SUPERFICIES DE VIDA: Casa: 89 m2 Ascensor: 3 m2 Garaje: 8 m2 Empresa: la sala, unos 80 m2 Restaurante: 50 m2 Cafetería: 30 m2 Casa de los padres de Rebe: 90 m2 Casa de mis padres: 95 m2 Total: 445 m2 Por supuesto que alguien puede vivir en 445 m2, y seguro que conoces a mucha gente así. Personas que se desplazan por una celda sin estar presas; que se levantan cada día sabiendo que todo va a ser igual que ayer, igual que mañana; personas que a pesar de estar vivas se sienten muertas. Esta es la historia de un hombre que fue capaz de hacer realidad lo que por las noches imaginaba bajo las sábanas: empezar todo de nuevo. Lo hizo, pero pagó un precio demasiado alto. No obstante, si de verdad quieres saber cuál es el argumento de esta novela, mira tu muñeca izquierda: ahí está todo.','2020-05-28 14:34:43','2020-06-08 12:01:42'),(3,'Cuentos para entender el mundo','Eloy Moreno','https://imagessl.tagusbooks.com/a/l/t0/41/9788413141541.jpg',NULL,'¿Y si son las ramas las que mueven el viento? Para todos aquellos que siguen siendo niños, aunque los adultos les obliguen a disimularlo. Más de 50.000 ejemplares vendidos. «Durante estos años los lectores me habéis dado tanto que me sentía en deuda con vosotros. Por eso he decidido yo también entregaros una parte de mí. Estos textos que os traigo han modelado de alguna manera mi forma de ser. Son pequeños cuentos, ya casi perdidos, de grandes autores que he decidido adaptar a los tiempos que corren. He modificado personajes, situaciones, el lenguaje... pero la esencia sigue siendo la misma: esa que nos ayuda a entender el mundo.» Eloy Moreno','2020-05-28 14:34:43','2020-06-08 12:07:27'),(4,'Invisible','Eloy Moreno','https://elenacamachorozas.files.wordpress.com/2018/10/invisible-eloy-moreno.jpg?w=584',NULL,'Emotiva, conmovedora, diferente... Invisible narra, a través de los ojos de un niño, una historia que podría ser la de cualquiera de nosotros. ¿Quién no ha deseado alguna vez ser invisible? ¿Quién no ha deseado alguna vez dejar de serlo? El problema es que nunca he llegado a controlar bien ese poder: A veces, cuando más ganas tenía de ser invisible, era cuando más gente me veía, y en cambio, cuando deseaba que todos me vieran, era cuando a mi cuerpo le daba por desaparecer. Reseñas: «Un libro que nos muestra poco a poco las piezas de un puzle que nosotros, como lectores, debemos ordenar para obtener una visión completa de la historia que se está contando. Duro, real y necesario. Os lo recomiendo muchísimo.» IG El caos literario «Este libro te hace pensar y querer ser mejor persona.» IG Lioncourt «Un libro que me ha encantado. Una historia conmovedora, totalmente necesaria y que te llega al corazón.» IG Iris de Asomo En los blogs... «Una novela desgarradoramente auténtica que se siente y se sufre a cada página. Recomendadísima, sin ningún límite de edad. Una novela que te abre los ojos a una realidad, que poco tiene de ficción.» Blog Érase un libro','2020-05-28 14:34:43','2020-06-08 12:04:29'),(5,'La guerra de Ysaak','Dross','https://m.media-amazon.com/images/I/51tE4bcYhfL.jpg',NULL,'Yóvedi es un planeta con vida inteligente. Se ubica cerca del centro de la galaxia y su civilización ha logrado erradicar las guerras, la hambruna, las plagas y la pobreza extrema. El odio entre razas pertenece al pasado y el futuro que los yovedianos forjan es nada menos que brillante... Hasta que un día, “algo” llega desde el más lejano y oscuro abismo del espacio. Muchos años después de lo ocurrido en Luna de Plutón, Hathor, aquel niño misterioso con poderes extraordinarios, es ahora un adulto convertido en pirata espacial. Tras recibir una llamada de auxilio, él será la última oportunidad para frenar la hecatombe inminente en Yóvedi. Sin embargo, el enemigo a quien se enfrenta no solo es formidable sino además, para horror suyo, uno de los seres más peligrosos del Universo. Después del extraordinario éxito de ventas Luna de Plutón, con más de cien mil copias vendidas, Dross nos sorprende con una trama más oscura en La Guerra de Ysaak. Al género de ciencia ficción y fantasía de la primera entrega, se suman el suspenso, el horror y la acción. La Guerra de Ysaak es una secuela más que digna del primer bestseller del autor. La aventura continúa...','2020-05-28 14:34:43','2020-06-08 12:03:31'),(6,'El sabor de las pepitas de manzana','Katharina Hagena','https://m.media-amazon.com/images/I/41pSYC9NLDL.jpg',NULL,'Una novela sobre el recuerdo y el olvido. Una casa heredada y un jardín que atesora los secretos de tres generaciones de mujeres.','2020-05-28 14:34:43','2020-06-08 12:12:37'),(7,'El Prisionero del Cielo','Carlos Ruiz Zafón','https://www.planetadelibros.com/usuaris/libros/fotos/222/m_libros/portada_el-prisionero-del-cielo_carlos-ruiz-zafon_201609051700.jpg',NULL,'Barcelona, 1957. Daniel Sempere y su amigo Fermín, los héroes de La Sombra del Viento, regresan de nuevo a la aventura para afrontar el mayor desafío de sus vidas. Justo cuando todo empezaba a sonreírles, un inquietante personaje visita la librería de Sempere y amenaza con desvelar un terrible secreto que lleva enterrado dos décadas en la oscura memoria de la ciudad. Al conocer la verdad, Daniel comprenderá que su destino le arrastra inexorablemente a enfrentarse con la mayor de las sombras: la que está creciendo en su interior. Rebosante de intriga y emoción, El Prisionero del Cielo es una novela magistral donde los hilos de La Sombra del Viento y El Juego del Ángel convergen a través del embrujo de la literatura y nos conduce hacia el enigma que se oculta en el corazón del Cementerio de los Libros Olvidados.','2020-05-28 14:35:40','2020-06-08 12:12:11'),(8,'El Juego del Ángel','Carlos Ruiz Zafón','https://images-na.ssl-images-amazon.com/images/I/914TXL4GEUL.jpg',NULL,'En la turbulenta Barcelona de los años 20 un joven escritor obsesionado con un amor imposible recibe la oferta de un misterioso editor para escribir un libro como no ha existido nunca, a cambio de una fortuna y, tal vez, mucho más. Con estilo deslumbrante e impecable precisión narrativa, el autor de La Sombra del Viento nos transporta de nuevo a la Barcelona del Cementerio de los Libros Olvidados para ofrecernos una gran aventura de intriga, romance y tragedia, a través de un laberinto de secretos donde el embrujo de los libros, la pasión y la amistad se conjugan en un relato magistral.','2020-05-28 14:35:40','2020-06-08 12:11:32'),(9,'La trilogía de la niebla','Carlos Ruiz Zafón','https://products-images.di-static.com/image/carlos-ruiz-zafon-la-trilogia-de-la-niebla/9788408176503-475x500-1.jpg',NULL,'En una misteriosa casa de la costa atlántica, lejos del Londres amenazado por la guerra, Max va a descubrir que los desafíos del presente a menudo tienen su razón de ser en pactos inconfesables sellados mucho tiempo atrás, donde habitan seres como El Príncipe de la Niebla.En la Calcuta de 1932, un tren en llamas atraviesa la ciudad, y el círculo de amigos de Ben y Sheere debe enfrentarse al más terrible y mortífero enigma de la ciudad de los palacios; una aventura, El Palacio de la Medianoche, que va a cambiar sus propias vidas.Entre París y un extraño faro de Normandía se desarrolla Las Luces de Septiembre, en la que Irene e Ismael se adentran en el misterio de un fabricante de juguetes que vive entre seres mecánicos y sombras del pasado, a la vez que crecen los lazos que los van a unir para siempre.La Trilogía de la Niebla nos ofrece una inigualable combinación de aventura, misterio y emociones, de la mano del magistral narrador de La Sombra del Viento, Carlos Ruiz Zafón.','2020-05-28 14:35:40','2020-06-08 12:08:27'),(10,'El Laberinto de los Espíritus','Carlos Ruiz Zafón','https://www.planetadelibros.com/usuaris/libros/fotos/275/m_libros/portada_el-laberinto-de-los-espiritus_carlos-ruiz-zafon_201807022051.jpg',NULL,'En la Barcelona de finales de los años 50, Daniel Sempere ya no es aquel niño que descubrió un libro que habría de cambiarle la vida entre los pasadizos del Cementerio de los Libros Olvidados. El misterio de la muerte de su madre Isabella ha abierto un abismo en su alma del que su esposa Bea y su fiel amigo Fermín intentan salvarle. Justo cuando Daniel cree que está a un paso de resolver el enigma, una conjura mucho más profunda y oscura de lo que nunca podría haber imaginado despliega su red desde las entrañas del Régimen. Es entonces cuando aparece Alicia Gris, un alma nacida de las sombras de la guerra, para conducirlos al corazón de las tinieblas y desvelar la historia secreta de la familia... aunque a un terrible precio. El Laberinto de los Espíritus es un relato electrizante de pasiones, intrigas y aventuras. A través de sus páginas llegaremos al gran final de la saga iniciada con La Sombra del Viento, que alcanza aquí toda su intensidad y calado, a la vez que dibuja un gran homenaje al mundo de los libros, al arte de narrar historias y al vínculo mágico entre la literatura y la vida.','2020-05-28 14:35:40','2020-06-08 12:09:06'),(11,'El Príncipe de la Niebla','Carlos Ruiz Zafón','https://www.planetadelibros.com.co/usuaris/libros/fotos/207/m_libros/portada_el-principe-de-la-niebla-planeta-lector_carlos-ruiz-zafon_201908212200.png',NULL,'Escapando de los desastres de la Segunda Guerra Mundial, la familia Carver se traslada a una casa junto a la playa de un pueblo pequeño y tranquilo situado a orillas del Atlántico. Se trata de un viaje también en el tiempo, pues pronto los Carver se ven envueltos en una sorprendente historia relacionada con inquietantes acontecimientos del pasado. Max y Alicia, los hermanos mayores de la familia, protagonizan junto a su amigo Roland una peligrosa aventura que los lleva a enfrentarse al Príncipe de la Niebla, un personaje siniestro que demuestra hasta qué punto aciertan quienes aseguran que lo prometido es... deuda. Esta edición incluye un estudio preliminar, propuestas de trabajo y lecturas complementarias a cargo de David Viñas Piquer, profesor de Teoría de la Literatura y Literatura Comparada en la Universidad de Barcelona.','2020-05-28 14:35:40','2020-06-08 12:09:52'),(12,'Marina','Carlos Ruiz Zafón','https://images-na.ssl-images-amazon.com/images/I/81BaXJJ0JRL.jpg',NULL,'En la Barcelona de 1980 Óscar Drai sueña despierto, deslumbrado por los palacetes modernistas cercanos al internado en el que estudia. En una de sus escapadas conoce a Marina, una chica audaz que comparte con Óscar la aventura de adentrarse en un enigma doloroso del pasado de la ciudad. Un misterioso personaje de la posguerra se propuso el mayor desafío imaginable, pero su ambición lo arrastró por sendas siniestras cuyas consecuencias debe pagar alguien todavía hoy.','2020-05-28 14:35:40','2020-06-08 12:30:04'),(13,'Les Llums de Setembre','Carlos Ruiz Zafón','https://images-na.ssl-images-amazon.com/images/I/81PNhl904KL.jpg',NULL,'Un misteriós fabricant de joguines que viu reclòs en una mansió gegantina poblada per éssers mecànics i ombres del passat... Un enigma al voltant d\'estranyes llums que brillen entre la boira que envolta l\'illot del far. Una criatura de malson que s\'oculta en la profunditat del bosc... Aquests i altres elements teixeixen la trama del misteri que unirà la Irene i l\'Ismael per sempre durant un màgic estiu a la Badia Blava.','2020-05-28 14:35:40','2020-06-08 12:29:15'),(14,'La Sombra del Viento','Carlos Ruiz Zafón','https://m.media-amazon.com/images/I/51Ty5FOq4kL.jpg',NULL,'El Cementerio de los Libros Olvidados, el cuarteto de novelas que arranca con La Sombra del Viento y sigue con El Juego del Ángel, se ha convertido en la gran saga novelística en curso de nuestro tiempo. La leyenda comenzaba en el año 2000, cuando Ruiz Zafón culminaba su primera novela para adultos y estaba a punto de dar a conocer un libro mágico que cambiaría el panorama literario, y que hoy sigue ganando el corazón de miles de lectores en todo el mundo. Un amanecer de 1945, un muchacho es conducido por su padre a un misterioso lugar oculto en el corazón de la ciudad vieja: El Cementerio de los Libros Olvidados. Allí, Daniel Sempere encuentra un libro maldito que cambia el rumbo de su vida y le arrastra a un laberinto de intrigas y secretos enterrados en el alma oscura de la ciudad. La Sombra del Viento es un misterio literario ambientado en la Barcelona de la primera mitad del siglo xx, desde los últimos esplendores del Modernismo hasta las tinieblas de la posguerra. Aunando las técnicas del relato de intriga y suspense, la novela histórica y la comedia de costumbres, La Sombra del Viento es sobre todo una trágica historia de amor cuyo eco se proyecta a través del tiempo. Con gran fuerza narrativa, el autor entrelaza tramas y enigmas a modo de muñecas rusas en un inolvidable relato sobre los secretos del corazón y el embrujo de los libros cuya intriga se mantiene hasta la última página.','2020-05-28 14:39:04','2020-06-08 12:28:43'),(15,'Siempre donde quieras','Diego Ojeda','https://quelibroleo.com/images/libros/portada_siempre-donde-quieras_diego-ojeda-sanchez_201503251450.jpg','Grupo Planeta (GBS)','SIEMPRE DONDE QUIERAS no es sólo un poemario: es un cuaderno vital dividido en tres tiempos; un libro de canciones; un disco de poemas; un diario emocional de un gran año. Es el lugar perfecto en el que se unen los dos mundos de Diego Ojeda: poemas escritos a lápiz entre viajes, conciertos y recitales; canciones grabadas en el salón de casa con la misma emoción y cercanía que en cada uno de sus directos. Su chica guerrillera, una vez más, protagoniza todas sus revoluciones. Y le acompañan también sus amigos músicos y poetas: Rayden, Marwan, Elvira Sastre, Carlos Salem, Escandar Algeet y Fredi Leis. Este libro es un lugar donde quedarse a vivir, siempre que quieras.','2020-05-28 14:45:58','2020-06-08 12:15:10'),(16,'Indomable','Bebi Fernández','https://img1.od-cdn.com/ImageType-400/5835-1/026/3E5/EE/%7B0263E5EE-9E69-4A56-B3AD-56A55584DA1E%7DImg400.jpg','MONTENA','@Srtabebi, el fenómeno superventas de poesía y la voz más irreverente de Twitter, regresa con un nuevo libro incendiario: #Indomable. Si estás leyendo esto, probablemente seas una o un inflamable. El porqué, ya lo entenderás. Ahora ojéalo: Esto no es un libro, es una granada. Que empiecen las explosiones.','2020-05-28 14:49:20','2020-06-08 12:16:12'),(17,'Memorias de una salvaje','Bebi Fernández','https://m.media-amazon.com/images/I/410RuCtz8LL.jpg','Editorial Planeta','La esperadísima primera novela de @SrtaBebi. K tiene 19 años y una vida un tanto peculiar. Cuando su padre es asesinado en un ajuste de cuentas, se ve obligada a compaginar sus estudios con un trabajo muy poco convencional: el de recepcionista y chica de los recados en un local de alterne clandestino. Bajo la amenaza de los proxenetas y la asfixia de la deuda, vivirá de cerca los horrores que el sistema de la trata de mujeres conlleva. La experiencia la llevará a gestar una metamorfosis que marcará su paso de la adolescencia a la edad adulta. Las mujeres que allí conoce y la violencia intrínseca al mundo criminal —que también sentirá en sus propias carnes— hará que comience a pensar en defenderse. Para ello acudirá al club de boxeo de Ram, un chico al que la violencia de género también le ha marcado la vida. Pese a las corazas que ambos portan, la curiosidad de este le llevará a interesarse y preocuparse por ella hasta hacerla pensar que quizá sí existan los hombres que aman a las mujeres. Pero un desafortunado suceso hará que las luces de neón comiencen a parpadear. «La mujer que hay detrás de esta pluma no escribe, vence.» Men Marías, Premio de Novela Carmen Martín Gaite 2017','2020-05-28 14:49:20','2020-06-09 09:37:27'),(18,'Princesas y lobas','Marta Mississippi','https://www.crisol.com.pe/media/catalog/product/cache/e4d64343b1bc593f1c5348fe05efa4a6/p/r/princesas-lobas-9788417773373-libro-ca01.jpg','MONTENA','Se acabaron las princesas que esperan a príncipes y besan a ranas. Se acabaron las princesas encerradas. No es que nos hayan salido feministas, es que nos han salido de la jaula. Un libro de la colección «Bebi Edita». Que los cuentos que nos cuentan son mentira, lo sabíamos desde hace tiempo. Pero, ¿por qué se repite siempre la misma historia, en las películas, en los libros, en las canciones? Basta ya de princesas, castillos y zapatitos que aprietan demasiado. Marta Mississippi, junto al análisis inflamable de Bebi, trae el final de la historia: ahora el cuento es tuyo. *** @SrtaBebi empezó incendiando las redes con más de 615.000 seguidores. Poco después inflamó libros: Indomable lleva más de 85.000 ejemplares vendidos. Ahora llega para editar su propia colección: «Bebi Edita». Ella decide autores, textos y añadesu personal y único punto de vista en un prólogo y comentarios que acompañan a cada libro de la colección. Para seguir quemando.','2020-05-28 14:49:20','2020-06-09 09:36:55'),(19,'Batman, el héroe','Raúl Álvarez Gómez','https://m.media-amazon.com/images/I/414714qOjqL.jpg','Ediciones Rialp','El Batman de Christopher Nolan se ha convertido en una referencia de prestigio para el cine de superhéroes contemporáneo. Nolan propone un discurso crítico sobre la respuesta occidental a los atentados del 11S y a la crisis financiera de 2008, entre otros sucesos relevantes de la primera década del siglo. Y lo hace con la espectacular narrativa audiovisual propia de esta clase de producciones. El héroe de Gotham se mueve así en un ámbito alegórico, donde villanos como el Joker representan el miedo y la ansiedad propios de un mundo en el que se han roto para siempre los lazos con la modernidad.','2020-06-06 07:43:45','2020-06-09 09:35:52'),(20,'Batman','Doc Pastor','https://www.popularlibros.com/imagenes_grandes/9788494/978849492859.JPG','Redbook','Creado por Bob Kane y Bill Finger, su legado se ha extendido a múltiples interpretaciones sin perder un ápice de su esencia original. Tras las viñetas del cómic, saltó a la pequeña pantalla en forma de series de televisión. De ahí al cine y los videojuegos había un paso. El mito del Caballero Oscuro se ha reinventado numerosas veces, nutriéndose y evolucionando con el paso del tiempo y desarrollando una iconografía muy personal que recorre todo este libro. Como señala Carlos Gallego en el epílogo: \"Pastor, sin perderse en términos complejos, explica de forma clara y sencilla todos los entresijos de Batman, cómo surgió la idea del personaje y quiénes fueron los verdaderos creadores del mito (...) Conocerás quiénes son sus aliados, sus orígenes y primeras apariciones\". Created by Bob Kane and Bill Finger, the myth of the Dark Knight has transitioned from comic strips to the small screen, cinema, and video games without losing any of its original essence. But it\'s been reinvented many times, growing and changing with the passage of time and developing a unique sense of iconography.','2020-06-06 07:43:45','2020-06-09 09:35:16'),(21,'Batman','Scott Beatty','https://images-na.ssl-images-amazon.com/images/I/61ImLs2KHNL.jpg','Dk Pub','Profiles the life and career of Bruce Wayne, a.k.a. Batman, discussing his allies, enemies, and tools, and offers a timeline of his appearances from 1939 through 2005.','2020-06-06 07:43:45','2020-06-09 09:34:36'),(22,'The Google Story (2018 Updated Edition)','David A. Vise','https://images-eu.ssl-images-amazon.com/images/I/41tm1msswzL.jpg','Bantam','The definitive, bestselling account of the company that changed the way we work and live, updated for the twentieth anniversary of Google’s founding with analysis of its most recent bold moves to redefine the world—and its even more ambitious plans for the future. Moscow-born Sergey Brin and Midwest-born Larry Page dropped out of graduate school at Stanford University to, as they said, “change the world” through a powerful search engine that would organize every bit of information on the Web for free. The Google Story takes you deep inside the company’s wild ride from an idea that struggled for funding in 1998 to a firm that today rakes in billions in profits. Based on scrupulous research and extraordinary access to Google, this fast-moving narrative reveals how an unorthodox management style and a culture of innovation enabled a search-engine giant to shake up Madison Avenue, clash with governments that accuse it of being a monopoly, deploy self-driving cars to forever change how we travel, and launch high-flying Internet balloons. Unafraid of controversy, Google is surging ahead with artificial intelligence that could cure diseases but also displace millions of people from their jobs, testing the founders’ guiding mantra: DON’T BE EVIL. Praise for The Google Story “[The authors] do a fine job of recounting Google’s rapid rise and explaining its search business.”—The New York Times “An intriguing insider view of the Google culture.”—Harvard Business Review “An interesting read on a powerhouse company . . . If you haven’t read anything about one of today’s most influential companies, you should. If you don’t read The Google Story, you’re missing a few extra treats.”—USA Today “Fascinating . . . meticulous . . . never bogs down.”—Houston Chronicle','2020-06-06 10:33:17','2020-06-08 12:27:46'),(23,'The Story of San Michele','Axel Munthe','https://m.media-amazon.com/images/I/51kU-E91ehL.jpg','Hachette UK','This ‘dream-laden and spooked’ (Marina Warner, London Review of Books) story is to many one of the best-loved books of the twentieth century. Munthe spent many years working as a doctor in Southern Italy, labouring unstintingly during typhus, cholera and earthquake disasters. It was during this period that he came across the ruined Tiberian villa of San Michele, perched high above the glittering Bay of Naples on Capri. With the help of Mastro Nicola and his three sons, and with only a charcoal sketch roughly drawn on a garden wall to guide them, Munthe devoted himself to rebuilding the house and chapel. Over five long summers they toiled under a sapphire-blue sky, their mad-cap project leading them to buried skeletons and ancient coins, and to hilarious encounters with a rich cast of vividly-drawn villagers. The Story of San Michele reverberates with the mesmerising hum of a long, hot Italian summer. Peopled with unforgettable characters, it is as brilliantly enjoyable and readable today as it was upon first publication. The book quickly became an international bestseller and has now been translated into more than 30 languages; it is today an established classic, and sales number in the millions.','2020-06-06 10:33:17','2020-06-09 09:28:21'),(24,'Let Me Play','Karen Blumenthal','https://d28hgpri8am2if.cloudfront.net/book_images/cvr9780689859571_9780689859571_hr.jpg','Simon and Schuster','Explores the history, struggle, and passage of Title IX, the law that allowed girls the freedom to pursue sports of their choosing, and the effects this law has had on society since its inception, such as the increased enrollment of women in law schools and the development of one of the best soccer teams in the world today.','2020-06-06 10:33:17','2020-06-08 12:25:44'),(25,'Watchmen (2019 Edition)','Alan Moore','https://m.media-amazon.com/images/I/41DnEm4qz+L.jpg','DC Comics','Soon to be an HBO original series, Watchmen, the groundbreaking series from award-winning author Alan Moore, presents a world where the mere presence of American superheroes changed history--the U.S. won the Vietnam War, Nixon is still president, and the Cold War is in full effect. Considered the greatest graphic novel in the history of the medium, the Hugo Award-winning story chronicles the fall from grace of a group of superheroes plagued by all-too-human failings. Along the way, the concept of the superhero is dissected as an unknown assassin stalks the erstwhile heroes. This edition of Watchmen, the groundbreaking series from Alan Moore, the award-winning writer of V For Vendetta and Batman: The Killing Joke, and features art from industry legend Dave Gibbons, with high-quality, recolored pages found in Watchmen: Abslolute Edtion.','2020-06-06 13:46:41','2020-06-08 12:24:07'),(151,'Watchmen as Literature','Sara J. Van Ness','https://images-na.ssl-images-amazon.com/images/I/61eqP5-9ZpL.jpg','McFarland','Watchmen has been hailed as the quintessential graphic novel and has spawned a body of literary criticism since its 1986 initial appearance in installments. This work explores the graphic novel’s reception in both popular and scholarly arenas and how the conceptual relationship between images and words affects the reading experience. Other topics include heroism as a stereotype, the hero’s journey, the role of the narrator, and the way in which the graphic layout manipulates the reader’s perception of time and space. Instructors considering this book for use in a course may request an examination copy here.','2020-06-06 13:46:41','2020-06-08 12:26:20'),(152,'Considering Watchmen: Poetics, Property, Politics','Andrew Hoberek','https://images-eu.ssl-images-amazon.com/images/I/61uWYULEstL.jpg','Rutgers University Press','Alan Moore and Dave Gibbons’s Watchmen has been widely hailed as a landmark in the development of the graphic novel. It was not only aesthetically groundbreaking but also anticipated future developments in politics, literature, and intellectual property. Demonstrating a keen eye for historical detail, Considering Watchmen gives readers a new appreciation of just how radical Moore and Gibbons’s blend of gritty realism and formal experimentation was back in 1986. The book also considers Watchmen’s place in the history of the comics industry, reading the graphic novel’s playful critique of superhero marketing alongside Alan Moore’s public statements about the rights to the franchise. Andrew Hoberek examines how Moore and Gibbons engaged with the emerging discourses of neoconservatism and neoliberal capitalism, ideologies that have only become more prominent in subsequent years. Watchmen’s influences on the superhero comic and graphic novel are undeniable, but Hoberek reveals how it has also had profound effects on literature as a whole. He suggests that Watchmen not only proved that superhero comics could rise to the status of literature—it also helped to inspire a generation of writers who are redefining the boundaries of the literary, from Jonathan Lethem to Junot Díaz. Hoberek delivers insight and analysis worthy of satisfying serious readers of the genre while shedding new light on Watchmen as both an artistic accomplishment and a book of ideas.','2020-06-06 13:46:41','2020-06-08 15:58:09'),(153,'Watchmen: The Deluxe Edition','Alan Moore','https://m.media-amazon.com/images/I/61Oe1htk6ML.jpg','DC Comics','In an alternate world where the mere presence of American superheroes changed history, the US won the Vietnam War, Nixon is still president, and the cold war is in full effect. WATCHMEN begins as a murder-mystery, but soon unfolds into a planet-altering conspiracy. As the resolution comes to a head, the unlikely group of reunited heroes-Rorschach, Nite Owl, Silk Spectre, Dr. Manhattan and Ozymandias-have to test the limits of their convictions and ask themselves where the true lineis between good and evil. In the mid-eighties, Alan Moore and Dave Gibbons created WATCHMEN, changing the course of comics\' history and essentially remaking how popular culture perceived the genre. Popularly cited as the point where comics came ofage, WATCHMEN\'s sophisticated take on superheroes has been universally acclaimed for its psychological depth and realism. WATCHMEN is collected here in deluxe hardcover, with sketches, extra bonus material and a new introduction by series artist Dave Gibbons.','2020-06-06 13:46:41','2020-06-08 15:57:37'),(156,'Campos de fresas','Jordi Sierra i Fabra','https://clubesdelectura.castillalamancha.es/sites/clubsdelectura.castillalamancha.es/files/c8cc5047a050a456c4273bbc09edeebf.jpg','Ediciones SM España','Luci está en coma por haber tomado una pastilla de éxtasis. Sus amigos, la policía y su familia luchan para que la joven despierte y que el culpable sea castigado.','2020-06-06 14:51:03','2020-06-08 12:23:29'),(163,'Magia comanche','Catherine Anderson','https://m.media-amazon.com/images/I/51m3qpPG7dL.jpg','Terciopelo','Un hechizo se tejió alrededor de su corazón... Chase Wolf, atractivo y fuerte, cuya sangre comanche lo hacía peligroso, estaba acostumbrado a conseguir lo que quería. Así que cuando vio a Franny - un ángel rubio con profundos ojos verdes, rasgos...','2020-06-06 14:51:03','2020-06-08 15:57:09'),(184,'Harry Potter','J.K Rowling','https://i.pinimg.com/originals/55/80/cc/5580cc860bb34f93859136695f2c46fd.jpg',NULL,'Harry Potter y la piedra filosofal, llamado también Harry Potter o abreviado HP1 (título original en inglés Harry Potter and the Philosopher\'s Stone, excepto en Estados Unidos, donde se tituló Harry Potter and the Sorcerer\'s Stone), es el primer libro de la serie literaria Harry Potter, escrito por la autora británica J. K. Rowling, en 1997 que supuso además el debut de Rowling como escritora profesional.La novela presenta a Harry Potter, un niño huérfano criado por sus tíos que descubre en su undécimo cumpleaños que es un mago. En la novela se narran sus primeros pasos en la comunidad mágica, su ingreso en el Colegio Hogwarts y cómo comienza a hacer amigos, que lo ayudan a enfrentarse a lord Voldemort, el brujo tenebroso que había asesinado a sus padres y cuyo espíritu busca un antiguo objeto legendario conocido como la piedra filosofal.La novela fue rechazada por varias editoriales hasta que la editorial Bloomsbury se decidió a publicarla. La edición británica salió a la venta el día 30 de junio de 1997,2 seguida en Estados Unidos el 1 de septiembre de 1998 por la edición de Scholastic Corporation. La Editorial Salamandra obtuvo en el año 2000 los derechos para la publicación del libro en castellano. En el año 2007, una primera edición firmada por Rowling se subastó en Londres por 27.876 libras. Además, ese mismo año se comercializó una edición conmemorativa de la novela.Harry Potter y la piedra filosofal ganó diversos premios literarios en el Reino Unido y en los Estados Unidos; en agosto de 1999, llegó a la cima de la lista best-sellers de ficción que aparece en el periódico The New York Times quedando entre los primeros puestos del listado durante la mayor parte de los años 1999 y 2000. Junto con el resto de la serie de Harry Potter, este volumen ha recibido las críticas de varios grupos religiosos y ha sido prohibido en algunos países debido a acusaciones de promover la brujería. Sin embargo, algunos comentaristas cristianos han escrito que el libro ejemplifica importantes conceptos valorados por la doctrina cristiana, incluido el poder de auto-sacrificio y la forma en que las decisiones de las personas forman su personalidad.Se han realizado varias adaptaciones de la novela, que incluyen audiolibros, videojuegos y un largometraje estrenado en 2001. La película basada en el libro contó con la dirección de Chris Columbus y se convirtió en una de las películas más taquilleras en la historia del cine.','2020-06-06 20:14:12','2020-06-08 12:17:00'),(186,'Harry Potter y el cáliz de fuego','J. K. Rowling','https://i.pinimg.com/originals/c8/24/35/c824350eb158db04800d421f360a8c01.jpg','Emece','Tras otro abominable verano con los Dursley, Harry se dispone a iniciar el cuarto curso en Hogwarts, la famosa escuela de magia y hechicería. A sus catorce años, a Harry le gustaría ser un joven mago como los demás y dedicarse a aprender nuevos sortilegios, encontrarse con sus amigos Ron y Hermione y asistir con ellos a los Mundiales de quidditch. Sin embargo, al llegar al colegio le espera una gran sorpresa que lo obligará a enfrentarse a los desafíos más temibles de toda su vida. Si logra superarlos, habrá demostrado que ya no es un niño y que está preparado para vivir las nuevas y emocionantes experiencias que el futuro le depara.','2020-06-06 20:14:12','2020-06-08 12:19:14'),(189,'Harry Potter: La Colección Completa (1-7)','J.K. Rowling','https://kbimages1-a.akamaihd.net/5e0bc263-b5b1-4c8e-a6b7-44a4fad0a77a/1200/1200/False/harry-potter-la-coleccion-completa-1-7.jpg','Pottermore Publishing','Los siete libros electrónicos de Harry Potter, una de las series más premiadas y vendidas en todo el mundo, están ya disponibles en una única descarga con las magníficas portadas de Olly Moss. Disfruta de las historias que han despertado la imaginación de millones de lectores de todo el mundo.','2020-06-06 20:14:12','2020-06-08 12:19:44'),(191,'Harry Potter and the Sorcerer\'s Stone','J K Rowling','https://m.media-amazon.com/images/I/51UoqRAxwEL.jpg','Salamandra Bolsillo','Harry Potter y la piedra filosofal es el primer volumen de la ya clásica serie de novelas fantásticas de la autora británica J.K. Rowling. «Con las manos temblorosas, Harry le dio la vuelta al sobre y vio un sello de lacre púrpura con un escudo de armas: un león, un águila, un tejón y una serpiente, que rodeaban una gran letra H.» Harry Potter nunca ha oído hablar de Hogwarts hasta que empiezan a caer cartas en el felpudo del número 4 de Privet Drive. Llevan la dirección escrita con tinta verde en un sobre de pergamino amarillento con un sello de lacre púrpura, y sus horripilantes tíos se apresuran a confiscarlas. Más tarde, el día que Harry cumple once años, Rubeus Hagrid, un hombre gigantesco cuyos ojos brillan como escarabajos negros, irrumpe con una noticia extraordinaria: Harry Potter es un mago, y le han concedido una plaza en el Colegio Hogwarts de Magia y Hechicería. ¡Está a punto de comenzar una aventura increíble! ENGLISH DESCRIPTION The beloved first book of the Harry Potter series, now fully illustrated by award-winning artist Jim Kay. For the first time, J.K. Rowling\'s beloved Harry Potter books will be presented in lavishly illustrated full-color editions. Kate Greenaway-award-winning artist Jim Kay has created over 100 stunning illustrations, making this deluxe format a perfect gift as much for a child being introduced to the series, as for the dedicated fan. Harry Potter has never been the star of a Quidditch team, scoring points while riding a broom far above the ground. He knows no spells, has never helped to hatch a dragon, and has never worn a cloak of invisibility. All he knows is a miserable life with the Dursleys, his horrible aunt and uncle, and their abominable son, Dudley -- a great big swollen spoiled bully. Harry\'s room is a tiny closet at the foot of the stairs, and he hasn\'t had a birthday party in eleven years. But all that is about to change when a mysterious letter arrives by owl messenger: a letter with an invitation to an incredible place that Harry -- and anyone who reads about him -- will find unforgettable.','2020-06-06 20:14:12','2020-06-09 09:56:33'),(195,'Ghost Rider','Greg Cox','https://images-na.ssl-images-amazon.com/images/I/51k21MraGJL._SX308_BO1,204,203,200_.jpg','Simon and Schuster','Selling his soul to Mephistopheles for his father\'s life and the safety of his true love, motorcyclist Johnny Blaze has a chance to redeem himself by becoming Ghost Rider, a spirit of justice and vengeance, as he takes on Blackheart, the son of the devilhimself.','2020-06-07 17:17:32','2020-06-09 08:09:08'),(196,'Ghost Rider','Simon Spurrier','https://m.media-amazon.com/images/I/51a9C9QmLlL.jpg','Marvel Entertainment','Collects Ghost Rider: Danny Ketch (2008) #1-5, Ghost Rider (2006) #33-35, Ghost Riders: Heaven\'s On Fire (2009) #1-6. Jason Aaron’s acclaimed GHOST RIDER run reaches its fever-pitch conclusion — and heaven will burn. There’s not just one Rider anymore! Danny Ketch, the 1990s Ghost Rider, is reborn — but darker than ever before. Where did it all go wrong? The Caretaker leads a special tour of the long and sordid history of the Spirit of Vengeance — and it has many more chapters than you might think! As secrets are revealed, Johnny Blaze heads to Japan. Renegade angel Zadkiel is out to thwart prophecy by assassinating a young boy bred by satanists to rule the world. So if Blaze and Ketch are going to save all of creation, first they’ll have to…save the Antichrist?! Prepare for a furious race to the finish line!','2020-06-07 17:17:32','2020-06-08 15:54:25'),(197,'Ghost Rider','Jason Aaron','https://2.bp.blogspot.com/-eMGSFtY7ETY/VYdJPI-pWhI/AAAAAAAAAGc/TGjQBaHULac/s1600/Ghost_Riders_Heavens_On_Fire_Vol_1_5.jpg','Marvel Entertainment','Collects Ghost Rider: Heaven\'s On Fire #1-6. The renegade angel Zadkiel is out to thwart Biblical prophecy by assassinating a young boy bred by Satanists to rule the world, so if Ghost Riders Johnny Blaze and Danny Ketch are going to save the world, they\'ll first have to save the Anti-Christ. Guest-starring Hellstorm, the Son of Satan.','2020-06-07 17:17:32','2020-06-08 15:53:32'),(199,'Ghost Rider','Garth Ennis','https://images-na.ssl-images-amazon.com/images/I/810r7GHoqpL.jpg','Marvel Entertainment','Stunning art and a story that only Garth Ennis could tell! He\'s paying the price for his deal with the Devil - is the Ghost Rider condemned to ride the highways of Hell for all eternity? His saving grace could be in the form of an unlikely ally - an industrious angel with a deal that would free Ghost Rider once and for all! Collects Ghost Rider (2005) #1-6.','2020-06-07 17:17:32','2020-06-08 15:50:54'),(202,'Ghost Rider Vol. 1','Daniel Way','https://images-na.ssl-images-amazon.com/images/I/81VsmLKt4qL.jpg','Marvel Entertainment','Once upon a time, Johnny Blaze made a deal with the Devil - and to no one\'s surprise but his own, he got shafted. Now trapped in hell, with the Spirit of Vengeance bonded to his immortal soul and weighing him down, Johnny may have finally found a way out. But at what cost? From the depths of Hell to the glittering spires of Heaven, the Ghost Rider rides again, blazing new trails and dispensing fiery vengeance in his wake. The demonic team of Daniel Way, Mark Texeira and Javier Saltares reunite to put ol\' Flamehead back in the saddle where he belongs. Ready or not, here he comes! Collects Ghost Rider (2006) #1-5.','2020-06-07 17:17:32','2020-06-08 15:49:49'),(205,'Eragon','Christopher Paolini','https://m.media-amazon.com/images/I/51ig5B0fGTL.jpg','Roca editorial','En el reino legendario de Alagaësia la guerra se está gestando. Los Jinetes protectores de la paz del Imperio y los únicos capaces de controlar a los inteligentes dragones, se han extinguido o han pasado a formar parte de las tropas del malvado rey...','2020-06-09 08:28:58','2020-06-09 08:33:12'),(207,'Eragon, Eldest, Brisingr Omnibus','Christopher Paolini','https://images-na.ssl-images-amazon.com/images/I/91kiZGBwGsL.jpg','Random House','ERAGON When Eragon finds a polished blue stone in the forest, he thinks it is the lucky discovery of a poor farm boy. But when the stone brings a dragon hatchling, his simple life is shattered, and he is thrust into a perilous new world of destiny, magic and power. Can Eragon take up the mantle of the legendary Dragon Riders? ELDEST Eragon and his dragon, Saphira, must travel to Ellesmera, land of the elves, for further training in magic and swordmanship. But chaos and betrayal plague him at every turn, and as his cousin Roran fights a new battle in Carvahall, Eragon is put in even graver danger . . . BRISINGR Eragon and his dragon, Saphira, have narrowly escaped with their lives after the colossal battle against the Empire\'s warriors on the Burning Plains. Now Eragon finds himself bound by promises he may not be able to keep. Can this once simple farm boy unite the rebel forces and defeat the King?','2020-06-09 08:28:58','2020-06-09 08:33:31'),(208,'Eragon and Eldest Omnibus','Christopher Paolini','https://i.ebayimg.com/images/g/jLkAAOSwV0RXvyOS/s-l400.jpg','Random House','ERAGON When Eragon finds a polished stone in the forest, he thinks it is a lucky discovery - perhaps it will buy his family meat for the winter. But when the stone becomes a dragon hatchling, Eragon soon realizes he has stumbled upon a legacy nearly as old as the Empire itself. Overnight his simple life is shattered and he is thrust into a perilous new world of destiny, magic and power. With only an ancient sword and the advice of an old storyteller for guidance, can Eragon take up the mantle of the legendary Dragon Riders? ELDEST Eragon and his dragon, Saphira, have just saved the rebel state from destruction by the mighty forces of King Galbatorix, cruel ruler of the Empire. Now Eragon must travel to Ellesméra, land of the elves, for further training in magic and swordsmanship, the vital skills of the Dragon Rider. It is the journey of a lifetime, filled with awe-inspiring new places and people, each day a fresh adventure. But chaos and betrayal plague him at every turn, and as his cousin Roran fights a new battle back home in Carvahall, Eragon is put in even graver danger. . .','2020-06-09 08:28:58','2020-06-09 08:33:55'),(213,'Eragon/Eldest','Christopher Paolini','https://m.media-amazon.com/images/I/51E4qygWrpL.jpg','Knopf Books for Young Readers','Presents the first two books in the young author\'s \"Inheritance Cycle\" series and includes original manuscript pages being published for the first time.','2020-06-09 08:28:58','2020-06-09 08:35:26'),(215,'Wonder','R J Palacio','https://images-na.ssl-images-amazon.com/images/I/71jDTHV9nGL.jpg','Random House','Now an Oscar nominated film starring Julia Roberts, Owen Wilson and Jacob Tremblay. \'My name is August. I won\'t describe what I look like. Whatever you\'re thinking, it\'s probably worse.\' Auggie wants to be an ordinary ten-year-old. He does ordinary things - eating ice cream, playing on his Xbox. He feels ordinary - inside. But ordinary kids don\'t make other ordinary kids run away screaming in playgrounds. Ordinary kids aren\'t stared at wherever they go. Born with a terrible facial abnormality, Auggie has been home-schooled by his parents his whole life. Now, for the first time, he\'s being sent to a real school - and he\'s dreading it. All he wants is to be accepted - but can he convince his new classmates that he\'s just like them, underneath it all? WONDER is a funny, frank, astonishingly moving debut to read in one sitting, pass on to others, and remember long after the final page.','2020-06-09 09:38:44','2020-06-09 09:39:36'),(225,'La chica invisible','Blue Jeans','https://www.planetadelibros.com.ar/usuaris/libros/fotos/269/m_libros/portada_la-chica-invisible_blue-jeans_201803081557.jpg','Editorial Planeta','Aurora Ríos es invisible para casi todos. Los acontecimientos del pasado han hecho que se aísle del mundo y que apenas se relacione. A sus diecisiete años, no tiene amigos y está harta de que los habitantes de aquel pueblo hablen a su espalda. Una noche de mayo, su madre no la encuentra en casa cuando regresa del trabajo. No es lo habitual. Aurora aparece muerta a la mañana siguiente en el vestuario de su instituto, el Rubén Darío. Tiene un golpe en la cabeza y han dejado una brújula junto a su cuerpo. ¿Quién es el responsable de aquel terrible suceso? Julia Plaza, compañera de clase de la chica invisible, está obsesionada con encontrar la respuesta. Su gran inteligencia y su memoria prodigiosa le sirven para realizar el cubo de Rubik en cincuenta segundos o ser invencible jugando al ajedrez. Pero ¿podrá ayudar a sus padres en la resolución de aquel enigma? Su madre, Aitana, es la forense del caso y su padre, Miguel Ángel, el sargento de la Policía Judicial de la Guardia Civil encargado de la investigación. Julia, junto a su inseparable amigo Emilio, un chico muy particular con una mirada inquietante, tratará de hacer todo lo que esté en su mano para que el asesinato de Aurora Ríos no quede impune. ¿Conseguirán averiguar quién es el Asesino de la brújula y qué hay detrás de aquella extraña muerte? Esta novela es el comienzo de la Trilogía LA CHICA INVISIBLE. El 26 de marzo de 2019 llega la esperada 2.a parte, El puzle de cristal.','2020-06-09 09:40:17','2020-06-09 09:41:47'),(235,'La Verdad (Mundodisco 25)','Terry Pratchett','https://images-na.ssl-images-amazon.com/images/I/91vPQfp-wPL._SL1500_.jpg','PLAZA & JANES','La verdad, vigesimoquinta novela de la serie de fantasía de culto «Mundodisco», es una exquisita parodia y reflexión sobre el mundo de la prensa y todo lo que le rodea: el poder de la pluma y el papel, la opinión pública, las presiones sobre el periodista, la prensa amarilla, la búsqueda de la imparcialidad... Todo en el más puro estilo pratchettiano. O pratchéttico. O pratchettense. Sea como sea, ya es hora de usarlo como adjetivo. Dicen que las mentiras pueden dar la vuelta al mundo antes de que la verdad tenga tiempor de calzarse las botas... A William de Worde, editor accidental del primer periódico del Mundodisco, siempre le ha preocupado la naturaleza de la verdad. Sabe que se esconde en lugares improbables y cuenta con sirvientes extraños. Pero, mientras la busca, no le queda más remedio que lidiar con los tradicionales problemas de la profesión periodística, como que... ... todos creen que quieren noticias, pero lo que realmente ansían es leer las cosas que ya saben... ... en cuanto abre el cuaderno y empuña el lápiz, muchos se le acercan sonrientes y formales, otros enmudecen y algunos preferirían directamente verlo muerto... ... y de alguna, de alguna forma, las hortalizas con formas graciosas siempre terminan colándose en cada edición. Competencia feroz. Titulares. Erratas. Cobrar cada semana. Y para colmo, la prensa nunca deja de tener hambre: hay que llenar espacio a toda costa. Aunque tal vez lo que se ha escrito solo sea cierto hasta la próxima edición. Porque si la verdad se calza las botas, correr tras las mentiras no es lo único que puede hacer. Reseña: «En otras palabras, léase esta recomendación como un grito a la cara: ¡Tiene que leer este libro!» The Washington Post','2020-06-09 14:34:37','2020-06-09 16:47:18'),(238,'Mort (Mundodisco 4)','Terry Pratchett','https://images-na.ssl-images-amazon.com/images/I/91Z8IVdGlAL._SL1500_.jpg','DEBOLS!LLO','Cuarta novela de la hilarante saga del Mundodisco. En esta entrega, Mortimer es un joven soñador y despistado a quien le toca en suerte una inesperada tarea: convertirse en aprendiz de la Muerte y aplicarse en liberar almas de su envoltura carnal. A decir verdad, Mort no está demasiado capacitado para ello, y en una de sus primeras misiones, liberar el alma de una atractiva princesa que está a punto de ser asesinada, decide en su lugar «liberar» el alma del asesino, interfiriendo así en los designios del Destino y provocando el consiguiente desaguisado. Por su parte, la Muerte, habiendo delegado buena parte de su trabajo en Mort, se dedica a beber, jugar a los dados y embarcarse en enrevesadas reflexiones filosóficas...','2020-06-09 14:34:37','2020-06-10 15:33:00'),(239,'Pies de barro (Mundodisco 19)','Terry Pratchett','https://imagessl.tagusbooks.com/a/l/t0/03/9788401347603.jpg','DEBOLS!LLO','Una historia de intriga en Mundodisco: dos asesinatos inexplicables, un largo envenenamiento y bastantes pistas falsas. Alguien está asesinando a ancianitos inofensivos en Ankh-Morpork y la Guardia de la Ciudad quiere saber quién es. También quiere saber otras muchas cosas, como quién está envenenando lentamente al patricio y dejando la ciudad sin gobierno. Y cómo lo hace. Y por qué los gólems se comportan de forma tan extraña últimammente. Y por qué todas las malditas pistas apuntan en la dirección equivocada. Y lo más inquietante de todo: cómo es posible que Nobby Nobbs (que necesita papeles firmados para demostrar que es un ser humano) esté recibiendo invitaciones para las fiestas más selectas d de la ciudad. Todo un reto para el comandante Sam Vimes y su tropa multiétnica de la Guardia de Ankh-Morpork, en una historia de intriga con la que Pratchett demuestra una vez más que las investigaciones policiales en el Mundodisco siempre deparan más de una sorpresa. Reseña: «Terry Pratchett es tremendamente divertido. Es sabio. Tiene estilo.» Sunday Telegraph','2020-06-09 14:34:37','2020-06-09 16:51:15'),(240,'Brujas de Viaje (Mundodisco 12)','Terry Pratchett','https://m.media-amazon.com/images/I/51rDJmgOzHL.jpg','DEBOLS!LLO','Una nueva aventura de Mundodisco. Las sirvientas deben casarse con los príncipes. De eso se trata. No se puede luchar contra un final feliz. Al menos, hasta ahora... Parecía un trabajo fácil... Después de todo, ¿cuán difícil puede ser el asegurarse de que una sirvienta no se case con un príncipe? Pero para las brujas Yaya Ceravieja, Tata Ogg y Magrat Ajostiernos, en ruta hacia la distante ciudad de Genua, las cosas no son nunca tan simples... Después de todo, solo disponen del vudú de la señora Gogol, un gato tuerto y una varita mágica de segunda mano que solo hace calabazas. Deberán enfrentarse también a la Madrina en persona, quien ha hecho al Destino una oferta que este no puede rechazar. Y, finalmente, está el poder absoluto de la Historia.','2020-06-09 14:34:37','2020-06-09 16:50:36'),(241,'¡Guardias! ¡Guardias! (Mundodisco 8)','Terry Pratchett','https://images-na.ssl-images-amazon.com/images/I/61Jhu04afTL._AC_UL600_SR396,600_.jpg','DEBOLS!LLO','La octava entrega de la serie Mundodisco, la saga de fantasía más hilarante de todos los tiempos. La Guardia Nocturna de la ciudad de Ank-Morkpok no tiene mucho trabajo. De los crímenes se ocupan los Gremios de Ladrones y de Asesinos, sin pasarse de una cuota fija al mes, por supuesto. Así, esta guardia destartalada y sin sentido de existencia consta de tan solo tres hombres: el capitán Vimes, el sargento Colon y el cabo Nobbs. Cuando un nuevo recluta, el idealista enano de casi dos metros llamado Zanahoria Fundidordehierroson, se integra en su equipo y no tiene mejor idea que arrestar a ladrones y asesinos haciendo cumplir la Ley, los tres veteranos guardias verán cómo su rutina se rompe. Y por si fuera poco, un dragón, criatura que se creía que ya no existía, ha aparecido en la ciudad, aunque a nadie parece interesarle mucho.','2020-06-09 14:34:37','2020-06-09 16:50:10'),(242,'Ladrón del Tiempo (Mundodisco 26)','Terry Pratchett','https://m.media-amazon.com/images/I/51MVpNDyrXL.jpg','PLAZA & JANES','En el Mundodisco se inicia una carrera contrarreloj para impedir que el Tiempo se detenga... La entrega número 26 de la serie del Mundodisco. Tic Las figuras grises conocidas como los Auditores de la Realidad piensan que los humanos ya han desordenado bastante el universo con su irracionalidad y su fantasía. Y han ideado un plan: detener el tiempo para catalogar y organizar tranquilamente todo lo que existe. Tac El tiempo, sin embargo, tiene sus propios paladines. Los Monjes de la Historia trabajan desde su monasterio para que los humanos puedan seguir jugando con el tiempo, ganándolo, perdiéndolo o regalándolo. Tic Mientras en Ankh-Morpork un relojero empieza a construir el reloj que marcará con toda precisión el tic del universo y detendrá el tiempo, en el lejano monasterio un joven extraordinario inicia su aprendizaje junto al héroe de mil historias Lu-Tze el Barredor. Tac El tiempo avanza inexorable hacia su fin, y los cinco (¡no, no eran cuatro!) jinetes del Apocalipsis recorren el Mundodisco. Solo la Muerte sabe que tal vez el mismísimo Tiempo sea más humano de lo que debiera, que puede haber tenido un hijo y que, si quiere impedir el plan de los Auditores, necesitará la ayuda de la familia. Ti... Reseña: «Aparte de las sonoras carcajadas que provoca, Ladrón del tiempo sigue proporcionando ese placer en estado puro que explica las legiones de adictos a las novelas de Pratchett.» The Times','2020-06-09 14:34:37','2020-06-09 16:49:49'),(243,'La Luz Fantástica (Mundodisco 2)','Terry Pratchett','https://images-na.ssl-images-amazon.com/images/I/51OCrLtdtXL.jpg','DEBOLS!LLO','La segunda entrega de Mundodisco, la más divertida saga fantástica jamás escrita. Un nuevo día, sereno y apacible, empieza en el Mundodisco. Como es habitual, la gran tortuga navega por el éter entregada a reflexiones inescrutables, sosteniendo en su caparazón a los cuatro elefantes sobre los que descansa el mundo. Sin embargo, se avecina una inexorable colisión con una malévola estrella roja, y solo una persona puede poner remedio al inminente desastre: Rincewind, el inepto y cobarde hechicero. Por desgracia, Rincewind fue visto por última vez cuando caía por el borde del mundo... Esta serie de novelas está considerada la más divertida y heterodoxa saga fantástica jamás escrita. Como ha señalado la crítica, «las novelas de Terry Pratchett deberían ser lectura obligada para aquellos que se toman la vida demasiado en serio».','2020-06-09 14:34:37','2020-06-09 16:49:28'),(244,'El País del Fin del Mundo (Mundodisco 22)','Terry Pratchett','https://images-na.ssl-images-amazon.com/images/I/51UvTt2ij%2BL._AC_UL600_SR396,600_.jpg','DEBOLS!LLO','Vigésima segunda entrega de la mundialmente exitosa serie de Mundodisco, uno de los hallazgos más fecundos y desternillantes de la ciencia ficción actual. Este no es un libro sobre Australia, sino sobre un país totalmente distinto que, sin embargo y por pura casualidad, en ciertos aspectos resulta un poco... australiano. Se trata de un territorio seco y caluroso en el que todo lo que no es ponzoñoso es venenoso. Pero, aun así, es un bonito lugar, y está amenazado de muerte. ¿Conseguirá salvarlo el inepto mago Rincewind?','2020-06-09 14:34:37','2020-06-09 16:48:57');
/*!40000 ALTER TABLE `books` ENABLE KEYS */;
UNLOCK TABLES;

--
-- Table structure for table `comments`
--

DROP TABLE IF EXISTS `comments`;
/*!40101 SET @saved_cs_client     = @@character_set_client */;
/*!40101 SET character_set_client = utf8 */;
CREATE TABLE `comments` (
  `id` bigint(20) unsigned NOT NULL AUTO_INCREMENT,
  `bookid` bigint(20) NOT NULL,
  `userid` bigint(20) NOT NULL,
  `username` varchar(255) COLLATE utf8mb4_unicode_ci NOT NULL,
  `comment` text COLLATE utf8mb4_unicode_ci NOT NULL,
  `created_at` timestamp NULL DEFAULT NULL,
  `updated_at` timestamp NULL DEFAULT NULL,
  PRIMARY KEY (`id`)
) ENGINE=InnoDB AUTO_INCREMENT=61 DEFAULT CHARSET=utf8mb4 COLLATE=utf8mb4_unicode_ci;
/*!40101 SET character_set_client = @saved_cs_client */;

--
-- Dumping data for table `comments`
--

LOCK TABLES `comments` WRITE;
/*!40000 ALTER TABLE `comments` DISABLE KEYS */;
INSERT INTO `comments` VALUES (1,8,2,'','Quisque id justo sit amet sapien dignissim vestibulum. Vestibulum ante ipsum primis in faucibus orci luctus et ultrices posuere cubilia Curae; Nulla dapibus dolor vel est. Donec odio justo, sollicitudin ut, suscipit a, feugiat et, eros.\n\nVestibulum ac est lacinia nisi venenatis tristique. Fusce congue, diam id ornare imperdiet, sapien urna pretium nisl, ut volutpat sapien arcu sed augue. Aliquam erat volutpat.','2020-03-01 00:06:28','2020-01-16 07:48:57'),(2,23,11,'','Curabitur gravida nisi at nibh. In hac habitasse platea dictumst. Aliquam augue quam, sollicitudin vitae, consectetuer eget, rutrum at, lorem.\n\nInteger tincidunt ante vel ipsum. Praesent blandit lacinia erat. Vestibulum sed magna at nunc commodo placerat.','2019-07-13 10:50:18','2019-07-12 00:56:52'),(3,4,13,'','Integer ac leo. Pellentesque ultrices mattis odio. Donec vitae nisi.','2020-04-13 14:03:24','2020-03-09 00:37:06'),(4,10,29,'','Aliquam quis turpis eget elit sodales scelerisque. Mauris sit amet eros. Suspendisse accumsan tortor quis turpis.\n\nSed ante. Vivamus tortor. Duis mattis egestas metus.','2020-02-08 10:08:40','2019-08-12 00:03:35'),(5,4,14,'','Integer tincidunt ante vel ipsum. Praesent blandit lacinia erat. Vestibulum sed magna at nunc commodo placerat.\n\nPraesent blandit. Nam nulla. Integer pede justo, lacinia eget, tincidunt eget, tempus vel, pede.','2020-03-06 23:58:12','2020-06-01 08:15:03'),(6,17,25,'','Praesent id massa id nisl venenatis lacinia. Aenean sit amet justo. Morbi ut odio.\n\nCras mi pede, malesuada in, imperdiet et, commodo vulputate, justo. In blandit ultrices enim. Lorem ipsum dolor sit amet, consectetuer adipiscing elit.','2020-01-29 13:19:22','2019-08-28 22:34:15'),(7,16,3,'','Maecenas tristique, est et tempus semper, est quam pharetra magna, ac consequat metus sapien ut nunc. Vestibulum ante ipsum primis in faucibus orci luctus et ultrices posuere cubilia Curae; Mauris viverra diam vitae quam. Suspendisse potenti.\n\nNullam porttitor lacus at turpis. Donec posuere metus vitae ipsum. Aliquam non mauris.','2020-02-04 16:09:18','2019-08-17 04:08:42'),(8,10,25,'','Duis aliquam convallis nunc. Proin at turpis a pede posuere nonummy. Integer non velit.','2019-06-11 06:32:20','2020-04-23 17:39:31'),(9,1,15,'','Proin leo odio, porttitor id, consequat in, consequat ut, nulla. Sed accumsan felis. Ut at dolor quis odio consequat varius.\n\nInteger ac leo. Pellentesque ultrices mattis odio. Donec vitae nisi.','2019-08-27 16:06:16','2020-02-01 08:59:02'),(10,14,20,'','Nullam sit amet turpis elementum ligula vehicula consequat. Morbi a ipsum. Integer a nibh.\n\nIn quis justo. Maecenas rhoncus aliquam lacus. Morbi quis tortor id nulla ultrices aliquet.','2019-10-23 02:57:05','2019-06-10 18:00:28'),(11,5,13,'','In sagittis dui vel nisl. Duis ac nibh. Fusce lacus purus, aliquet at, feugiat non, pretium quis, lectus.','2019-12-27 11:27:24','2019-12-06 16:38:27'),(12,19,4,'','Mauris enim leo, rhoncus sed, vestibulum sit amet, cursus id, turpis. Integer aliquet, massa id lobortis convallis, tortor risus dapibus augue, vel accumsan tellus nisi eu orci. Mauris lacinia sapien quis libero.','2019-07-21 03:24:25','2019-06-14 19:28:08'),(13,18,8,'','Praesent id massa id nisl venenatis lacinia. Aenean sit amet justo. Morbi ut odio.\n\nCras mi pede, malesuada in, imperdiet et, commodo vulputate, justo. In blandit ultrices enim. Lorem ipsum dolor sit amet, consectetuer adipiscing elit.','2019-12-06 02:37:04','2019-09-12 23:55:03'),(14,5,7,'','Fusce posuere felis sed lacus. Morbi sem mauris, laoreet ut, rhoncus aliquet, pulvinar sed, nisl. Nunc rhoncus dui vel sem.','2019-11-27 06:08:19','2020-01-13 19:19:43'),(15,18,19,'','Nulla ut erat id mauris vulputate elementum. Nullam varius. Nulla facilisi.\n\nCras non velit nec nisi vulputate nonummy. Maecenas tincidunt lacus at velit. Vivamus vel nulla eget eros elementum pellentesque.','2019-08-19 04:45:52','2020-01-24 00:51:49'),(16,20,15,'','Aenean fermentum. Donec ut mauris eget massa tempor convallis. Nulla neque libero, convallis eget, eleifend luctus, ultricies eu, nibh.','2020-05-11 22:37:03','2020-06-08 04:12:57'),(17,17,18,'','Maecenas ut massa quis augue luctus tincidunt. Nulla mollis molestie lorem. Quisque ut erat.','2020-05-30 15:44:46','2019-08-17 11:03:25'),(18,15,16,'','Maecenas tristique, est et tempus semper, est quam pharetra magna, ac consequat metus sapien ut nunc. Vestibulum ante ipsum primis in faucibus orci luctus et ultrices posuere cubilia Curae; Mauris viverra diam vitae quam. Suspendisse potenti.','2020-05-19 16:59:39','2020-02-25 22:50:17'),(19,20,21,'','Cras mi pede, malesuada in, imperdiet et, commodo vulputate, justo. In blandit ultrices enim. Lorem ipsum dolor sit amet, consectetuer adipiscing elit.','2020-02-25 06:16:58','2019-07-18 18:26:12'),(20,25,12,'','Nullam porttitor lacus at turpis. Donec posuere metus vitae ipsum. Aliquam non mauris.\n\nMorbi non lectus. Aliquam sit amet diam in magna bibendum imperdiet. Nullam orci pede, venenatis non, sodales sed, tincidunt eu, felis.','2020-02-28 17:57:28','2019-10-21 07:16:14'),(21,14,14,'','Quisque porta volutpat erat. Quisque erat eros, viverra eget, congue eget, semper rutrum, nulla. Nunc purus.\n\nPhasellus in felis. Donec semper sapien a libero. Nam dui.','2020-02-21 10:00:51','2019-10-19 22:55:55'),(22,3,19,'','Nullam sit amet turpis elementum ligula vehicula consequat. Morbi a ipsum. Integer a nibh.','2020-02-16 19:30:05','2019-08-04 14:03:57'),(23,2,22,'','Lorem ipsum dolor sit amet, consectetuer adipiscing elit. Proin risus. Praesent lectus.','2020-01-24 19:57:19','2019-08-31 12:58:20'),(24,6,27,'','Nulla ut erat id mauris vulputate elementum. Nullam varius. Nulla facilisi.\n\nCras non velit nec nisi vulputate nonummy. Maecenas tincidunt lacus at velit. Vivamus vel nulla eget eros elementum pellentesque.','2020-05-18 09:42:07','2019-06-09 17:52:07'),(25,16,7,'','Cras non velit nec nisi vulputate nonummy. Maecenas tincidunt lacus at velit. Vivamus vel nulla eget eros elementum pellentesque.','2019-09-04 19:31:22','2020-04-06 07:58:36'),(26,4,17,'','Phasellus in felis. Donec semper sapien a libero. Nam dui.\n\nProin leo odio, porttitor id, consequat in, consequat ut, nulla. Sed accumsan felis. Ut at dolor quis odio consequat varius.','2020-04-24 00:14:04','2020-05-07 04:17:28'),(27,4,13,'','Curabitur gravida nisi at nibh. In hac habitasse platea dictumst. Aliquam augue quam, sollicitudin vitae, consectetuer eget, rutrum at, lorem.','2019-09-02 04:50:50','2019-09-12 19:06:40'),(28,1,19,'','Praesent id massa id nisl venenatis lacinia. Aenean sit amet justo. Morbi ut odio.','2019-09-26 11:55:50','2019-09-19 00:31:44'),(29,12,6,'','Aenean fermentum. Donec ut mauris eget massa tempor convallis. Nulla neque libero, convallis eget, eleifend luctus, ultricies eu, nibh.\n\nQuisque id justo sit amet sapien dignissim vestibulum. Vestibulum ante ipsum primis in faucibus orci luctus et ultrices posuere cubilia Curae; Nulla dapibus dolor vel est. Donec odio justo, sollicitudin ut, suscipit a, feugiat et, eros.','2019-08-13 17:38:39','2019-07-17 18:44:57'),(30,3,30,'','Donec diam neque, vestibulum eget, vulputate ut, ultrices vel, augue. Vestibulum ante ipsum primis in faucibus orci luctus et ultrices posuere cubilia Curae; Donec pharetra, magna vestibulum aliquet ultrices, erat tortor sollicitudin mi, sit amet lobortis sapien sapien non mi. Integer ac neque.','2019-09-22 02:37:28','2020-02-15 04:37:02'),(31,19,5,'','Praesent id massa id nisl venenatis lacinia. Aenean sit amet justo. Morbi ut odio.','2019-07-30 02:59:41','2020-04-11 19:05:41'),(32,11,12,'','Proin leo odio, porttitor id, consequat in, consequat ut, nulla. Sed accumsan felis. Ut at dolor quis odio consequat varius.','2020-02-20 07:56:28','2019-06-23 22:24:12'),(33,6,7,'','Duis consequat dui nec nisi volutpat eleifend. Donec ut dolor. Morbi vel lectus in quam fringilla rhoncus.','2019-06-11 04:12:52','2019-06-29 05:51:51'),(34,22,30,'','Curabitur gravida nisi at nibh. In hac habitasse platea dictumst. Aliquam augue quam, sollicitudin vitae, consectetuer eget, rutrum at, lorem.\n\nInteger tincidunt ante vel ipsum. Praesent blandit lacinia erat. Vestibulum sed magna at nunc commodo placerat.','2019-06-25 10:15:51','2020-02-10 13:20:33'),(35,4,20,'','Nullam sit amet turpis elementum ligula vehicula consequat. Morbi a ipsum. Integer a nibh.','2019-09-25 14:15:35','2020-02-25 01:08:49'),(36,7,16,'','In sagittis dui vel nisl. Duis ac nibh. Fusce lacus purus, aliquet at, feugiat non, pretium quis, lectus.\n\nSuspendisse potenti. In eleifend quam a odio. In hac habitasse platea dictumst.','2019-11-08 19:58:35','2020-02-07 21:24:22'),(37,17,8,'','Fusce posuere felis sed lacus. Morbi sem mauris, laoreet ut, rhoncus aliquet, pulvinar sed, nisl. Nunc rhoncus dui vel sem.\n\nSed sagittis. Nam congue, risus semper porta volutpat, quam pede lobortis ligula, sit amet eleifend pede libero quis orci. Nullam molestie nibh in lectus.','2019-06-28 03:03:55','2019-08-19 23:30:17'),(38,11,28,'','Maecenas tristique, est et tempus semper, est quam pharetra magna, ac consequat metus sapien ut nunc. Vestibulum ante ipsum primis in faucibus orci luctus et ultrices posuere cubilia Curae; Mauris viverra diam vitae quam. Suspendisse potenti.\n\nNullam porttitor lacus at turpis. Donec posuere metus vitae ipsum. Aliquam non mauris.','2020-05-17 12:45:20','2019-11-11 03:31:53'),(39,12,17,'','In congue. Etiam justo. Etiam pretium iaculis justo.\n\nIn hac habitasse platea dictumst. Etiam faucibus cursus urna. Ut tellus.','2020-02-26 16:25:36','2019-09-09 21:58:06'),(40,7,27,'','Etiam vel augue. Vestibulum rutrum rutrum neque. Aenean auctor gravida sem.\n\nPraesent id massa id nisl venenatis lacinia. Aenean sit amet justo. Morbi ut odio.','2019-06-09 04:16:18','2019-06-09 16:10:32'),(41,25,14,'','In hac habitasse platea dictumst. Morbi vestibulum, velit id pretium iaculis, diam erat fermentum justo, nec condimentum neque sapien placerat ante. Nulla justo.\n\nAliquam quis turpis eget elit sodales scelerisque. Mauris sit amet eros. Suspendisse accumsan tortor quis turpis.','2019-12-20 08:37:45','2020-06-07 06:20:36'),(42,3,13,'','Suspendisse potenti. In eleifend quam a odio. In hac habitasse platea dictumst.','2019-12-30 23:03:16','2019-12-05 12:48:24'),(43,16,3,'','Praesent id massa id nisl venenatis lacinia. Aenean sit amet justo. Morbi ut odio.','2019-07-01 19:34:14','2020-06-02 07:00:23'),(44,9,9,'','In sagittis dui vel nisl. Duis ac nibh. Fusce lacus purus, aliquet at, feugiat non, pretium quis, lectus.\n\nSuspendisse potenti. In eleifend quam a odio. In hac habitasse platea dictumst.','2020-01-23 15:30:19','2020-01-27 13:21:57'),(45,17,21,'','Lorem ipsum dolor sit amet, consectetuer adipiscing elit. Proin risus. Praesent lectus.\n\nVestibulum quam sapien, varius ut, blandit non, interdum in, ante. Vestibulum ante ipsum primis in faucibus orci luctus et ultrices posuere cubilia Curae; Duis faucibus accumsan odio. Curabitur convallis.','2019-11-11 23:55:15','2019-06-26 22:25:07'),(46,11,10,'','Duis bibendum, felis sed interdum venenatis, turpis enim blandit mi, in porttitor pede justo eu massa. Donec dapibus. Duis at velit eu est congue elementum.','2019-11-12 19:38:47','2019-08-10 15:17:43'),(47,5,17,'','Maecenas tristique, est et tempus semper, est quam pharetra magna, ac consequat metus sapien ut nunc. Vestibulum ante ipsum primis in faucibus orci luctus et ultrices posuere cubilia Curae; Mauris viverra diam vitae quam. Suspendisse potenti.','2019-07-22 19:37:42','2019-06-14 05:37:20'),(48,17,12,'','In hac habitasse platea dictumst. Morbi vestibulum, velit id pretium iaculis, diam erat fermentum justo, nec condimentum neque sapien placerat ante. Nulla justo.','2019-09-22 12:09:10','2019-07-29 03:11:38'),(49,1,6,'','In sagittis dui vel nisl. Duis ac nibh. Fusce lacus purus, aliquet at, feugiat non, pretium quis, lectus.\n\nSuspendisse potenti. In eleifend quam a odio. In hac habitasse platea dictumst.','2020-03-13 03:25:16','2019-07-14 06:14:13'),(50,3,28,'','Proin leo odio, porttitor id, consequat in, consequat ut, nulla. Sed accumsan felis. Ut at dolor quis odio consequat varius.','2019-12-18 09:00:53','2019-06-09 14:14:49'),(51,20,28,'','In congue. Etiam justo. Etiam pretium iaculis justo.\n\nIn hac habitasse platea dictumst. Etiam faucibus cursus urna. Ut tellus.','2020-06-03 10:39:03','2020-05-10 01:44:50'),(52,5,11,'','In quis justo. Maecenas rhoncus aliquam lacus. Morbi quis tortor id nulla ultrices aliquet.','2020-01-14 03:14:52','2019-08-19 03:02:15'),(53,24,21,'','Etiam vel augue. Vestibulum rutrum rutrum neque. Aenean auctor gravida sem.\n\nPraesent id massa id nisl venenatis lacinia. Aenean sit amet justo. Morbi ut odio.','2019-07-25 18:41:39','2019-07-22 07:55:59'),(54,9,6,'','Aenean fermentum. Donec ut mauris eget massa tempor convallis. Nulla neque libero, convallis eget, eleifend luctus, ultricies eu, nibh.','2019-06-18 09:16:26','2020-04-21 02:55:26'),(55,6,26,'','Fusce consequat. Nulla nisl. Nunc nisl.','2020-01-20 07:39:36','2019-10-20 16:54:59'),(56,19,16,'','Mauris enim leo, rhoncus sed, vestibulum sit amet, cursus id, turpis. Integer aliquet, massa id lobortis convallis, tortor risus dapibus augue, vel accumsan tellus nisi eu orci. Mauris lacinia sapien quis libero.','2019-08-12 16:37:03','2020-02-07 03:41:02'),(57,25,15,'','Fusce posuere felis sed lacus. Morbi sem mauris, laoreet ut, rhoncus aliquet, pulvinar sed, nisl. Nunc rhoncus dui vel sem.','2019-07-25 18:49:02','2020-04-21 02:44:33'),(58,18,29,'','Cras non velit nec nisi vulputate nonummy. Maecenas tincidunt lacus at velit. Vivamus vel nulla eget eros elementum pellentesque.\n\nQuisque porta volutpat erat. Quisque erat eros, viverra eget, congue eget, semper rutrum, nulla. Nunc purus.','2020-05-28 18:34:06','2020-01-16 11:17:20'),(59,12,29,'','Phasellus in felis. Donec semper sapien a libero. Nam dui.','2019-08-30 14:02:13','2020-01-21 01:38:36'),(60,23,27,'','Duis aliquam convallis nunc. Proin at turpis a pede posuere nonummy. Integer non velit.\n\nDonec diam neque, vestibulum eget, vulputate ut, ultrices vel, augue. Vestibulum ante ipsum primis in faucibus orci luctus et ultrices posuere cubilia Curae; Donec pharetra, magna vestibulum aliquet ultrices, erat tortor sollicitudin mi, sit amet lobortis sapien sapien non mi. Integer ac neque.','2020-03-19 09:52:31','2019-09-23 23:20:34');
/*!40000 ALTER TABLE `comments` ENABLE KEYS */;
UNLOCK TABLES;

--
-- Table structure for table `failed_jobs`
--

DROP TABLE IF EXISTS `failed_jobs`;
/*!40101 SET @saved_cs_client     = @@character_set_client */;
/*!40101 SET character_set_client = utf8 */;
CREATE TABLE `failed_jobs` (
  `id` bigint(20) unsigned NOT NULL AUTO_INCREMENT,
  `connection` text COLLATE utf8mb4_unicode_ci NOT NULL,
  `queue` text COLLATE utf8mb4_unicode_ci NOT NULL,
  `payload` longtext COLLATE utf8mb4_unicode_ci NOT NULL,
  `exception` longtext COLLATE utf8mb4_unicode_ci NOT NULL,
  `failed_at` timestamp NOT NULL DEFAULT current_timestamp(),
  PRIMARY KEY (`id`)
) ENGINE=InnoDB DEFAULT CHARSET=utf8mb4 COLLATE=utf8mb4_unicode_ci;
/*!40101 SET character_set_client = @saved_cs_client */;

--
-- Dumping data for table `failed_jobs`
--

LOCK TABLES `failed_jobs` WRITE;
/*!40000 ALTER TABLE `failed_jobs` DISABLE KEYS */;
/*!40000 ALTER TABLE `failed_jobs` ENABLE KEYS */;
UNLOCK TABLES;

--
-- Table structure for table `migrations`
--

DROP TABLE IF EXISTS `migrations`;
/*!40101 SET @saved_cs_client     = @@character_set_client */;
/*!40101 SET character_set_client = utf8 */;
CREATE TABLE `migrations` (
  `id` int(10) unsigned NOT NULL AUTO_INCREMENT,
  `migration` varchar(255) COLLATE utf8mb4_unicode_ci NOT NULL,
  `batch` int(11) NOT NULL,
  PRIMARY KEY (`id`)
) ENGINE=InnoDB AUTO_INCREMENT=10 DEFAULT CHARSET=utf8mb4 COLLATE=utf8mb4_unicode_ci;
/*!40101 SET character_set_client = @saved_cs_client */;

--
-- Dumping data for table `migrations`
--

LOCK TABLES `migrations` WRITE;
/*!40000 ALTER TABLE `migrations` DISABLE KEYS */;
INSERT INTO `migrations` VALUES (1,'2014_10_12_000000_create_users_table',1),(2,'2014_10_12_100000_create_password_resets_table',1),(3,'2019_08_19_000000_create_failed_jobs_table',1),(4,'2020_05_23_105639_create_books_table',2),(6,'2020_06_05_174649_create_user_books_table',4),(8,'2020_06_05_175309_create_comments_table',5),(9,'2020_05_30_121305_create_api_keys_table',6);
/*!40000 ALTER TABLE `migrations` ENABLE KEYS */;
UNLOCK TABLES;

--
-- Table structure for table `password_resets`
--

DROP TABLE IF EXISTS `password_resets`;
/*!40101 SET @saved_cs_client     = @@character_set_client */;
/*!40101 SET character_set_client = utf8 */;
CREATE TABLE `password_resets` (
  `email` varchar(255) COLLATE utf8mb4_unicode_ci NOT NULL,
  `token` varchar(255) COLLATE utf8mb4_unicode_ci NOT NULL,
  `created_at` timestamp NULL DEFAULT NULL,
  KEY `password_resets_email_index` (`email`)
) ENGINE=InnoDB DEFAULT CHARSET=utf8mb4 COLLATE=utf8mb4_unicode_ci;
/*!40101 SET character_set_client = @saved_cs_client */;

--
-- Dumping data for table `password_resets`
--

LOCK TABLES `password_resets` WRITE;
/*!40000 ALTER TABLE `password_resets` DISABLE KEYS */;
/*!40000 ALTER TABLE `password_resets` ENABLE KEYS */;
UNLOCK TABLES;

--
-- Table structure for table `user_books`
--

DROP TABLE IF EXISTS `user_books`;
/*!40101 SET @saved_cs_client     = @@character_set_client */;
/*!40101 SET character_set_client = utf8 */;
CREATE TABLE `user_books` (
  `id` bigint(20) unsigned NOT NULL AUTO_INCREMENT,
  `userId` bigint(20) NOT NULL,
  `bookId` bigint(20) NOT NULL,
  `rating` float DEFAULT 0,
  `created_at` timestamp NULL DEFAULT current_timestamp(),
  `updated_at` timestamp NULL DEFAULT current_timestamp(),
  PRIMARY KEY (`id`)
) ENGINE=InnoDB AUTO_INCREMENT=61 DEFAULT CHARSET=utf8mb4 COLLATE=utf8mb4_unicode_ci;
/*!40101 SET character_set_client = @saved_cs_client */;

--
-- Dumping data for table `user_books`
--

LOCK TABLES `user_books` WRITE;
/*!40000 ALTER TABLE `user_books` DISABLE KEYS */;
/*!40000 ALTER TABLE `user_books` ENABLE KEYS */;
UNLOCK TABLES;

--
-- Table structure for table `users`
--

DROP TABLE IF EXISTS `users`;
/*!40101 SET @saved_cs_client     = @@character_set_client */;
/*!40101 SET character_set_client = utf8 */;
CREATE TABLE `users` (
  `id` bigint(20) unsigned NOT NULL AUTO_INCREMENT,
  `name` varchar(255) COLLATE utf8mb4_unicode_ci NOT NULL,
  `email` varchar(255) COLLATE utf8mb4_unicode_ci NOT NULL,
  `verification` tinyint(1) DEFAULT NULL,
  `email_verified_at` timestamp NULL DEFAULT NULL,
  `password` varchar(255) COLLATE utf8mb4_unicode_ci NOT NULL,
  `role` varchar(255) COLLATE utf8mb4_unicode_ci DEFAULT NULL,
  `remember_token` varchar(100) COLLATE utf8mb4_unicode_ci DEFAULT NULL,
  `created_at` timestamp NULL DEFAULT NULL,
  `updated_at` timestamp NULL DEFAULT NULL,
  PRIMARY KEY (`id`),
  UNIQUE KEY `users_email_unique` (`email`)
) ENGINE=InnoDB AUTO_INCREMENT=112 DEFAULT CHARSET=utf8mb4 COLLATE=utf8mb4_unicode_ci;
/*!40101 SET character_set_client = @saved_cs_client */;

--
-- Dumping data for table `users`
--

LOCK TABLES `users` WRITE;
/*!40000 ALTER TABLE `users` DISABLE KEYS */;
INSERT INTO `users` VALUES (1,'admin','admin@admin.es',1,NULL,'$2y$10$tty2lwPX3RkvjGAe4yKaleKqujSzKEE5daWm9mzJw9uMqkcp.ORpO','admin',NULL,NULL,'2020-06-07 16:20:57'),(2,'user2','user2@email.com',NULL,NULL,'$2y$10$vffzSKCaxEJdY7hWGwf6..DU/dptmzH.QLcAD00EmLICP7/6HCxU6',NULL,NULL,NULL,NULL),(3,'Isac Beahan PhD','connie50@example.net',NULL,'2020-05-25 14:46:13','$2y$10$92IXUNpkjO0rOQ5byMi.Ye4oKoEa3Ro9llC/.og/at2.uheWG/igi',NULL,'etEEIWjSFG','2020-05-25 14:46:13','2020-05-25 14:46:13'),(4,'Mr. Macey Gerlach','oral67@example.org',NULL,'2020-05-25 14:46:13','$2y$10$92IXUNpkjO0rOQ5byMi.Ye4oKoEa3Ro9llC/.og/at2.uheWG/igi',NULL,'lR3LhmPcTy','2020-05-25 14:46:13','2020-05-25 14:46:13'),(5,'Amber Bashirian','sonya.larkin@example.net',NULL,'2020-05-25 14:46:13','$2y$10$92IXUNpkjO0rOQ5byMi.Ye4oKoEa3Ro9llC/.og/at2.uheWG/igi',NULL,'ejMF9HdEGn','2020-05-25 14:46:13','2020-05-25 14:46:13'),(6,'Shania Jones','beau.schuster@example.com',NULL,'2020-05-25 14:46:13','$2y$10$92IXUNpkjO0rOQ5byMi.Ye4oKoEa3Ro9llC/.og/at2.uheWG/igi',NULL,'0F4MMTTYup','2020-05-25 14:46:13','2020-05-25 14:46:13'),(7,'Dr. Kiarra Watsica','tgreenholt@example.net',NULL,'2020-05-25 14:46:13','$2y$10$92IXUNpkjO0rOQ5byMi.Ye4oKoEa3Ro9llC/.og/at2.uheWG/igi',NULL,'97YGkdmwWf','2020-05-25 14:46:13','2020-05-25 14:46:13'),(8,'Mariano Christiansen','jackie.heidenreich@example.net',NULL,'2020-05-25 14:46:13','$2y$10$92IXUNpkjO0rOQ5byMi.Ye4oKoEa3Ro9llC/.og/at2.uheWG/igi',NULL,'lZoCH9RMTI','2020-05-25 14:46:13','2020-05-25 14:46:13'),(9,'Christ Boyer','gail.purdy@example.net',NULL,'2020-05-25 14:46:13','$2y$10$92IXUNpkjO0rOQ5byMi.Ye4oKoEa3Ro9llC/.og/at2.uheWG/igi',NULL,'H7llkE8Va8','2020-05-25 14:46:13','2020-05-25 14:46:13'),(10,'Aglae Osinski','jillian39@example.com',NULL,'2020-05-25 14:46:13','$2y$10$92IXUNpkjO0rOQ5byMi.Ye4oKoEa3Ro9llC/.og/at2.uheWG/igi',NULL,'7fyRZjmYAS','2020-05-25 14:46:13','2020-05-25 14:46:13'),(11,'Bernita Murphy DDS','ysauer@example.com',NULL,'2020-05-25 14:46:13','$2y$10$92IXUNpkjO0rOQ5byMi.Ye4oKoEa3Ro9llC/.og/at2.uheWG/igi',NULL,'GeBOA1Py9I','2020-05-25 14:46:13','2020-05-25 14:46:13'),(12,'Lauriane Mante','nikita29@example.com',NULL,'2020-05-25 14:46:13','$2y$10$92IXUNpkjO0rOQ5byMi.Ye4oKoEa3Ro9llC/.og/at2.uheWG/igi',NULL,'pgaHwqrJHO','2020-05-25 14:46:13','2020-05-25 14:46:13'),(13,'Marlin Haag','domenica.okon@example.com',NULL,'2020-05-25 14:46:13','$2y$10$92IXUNpkjO0rOQ5byMi.Ye4oKoEa3Ro9llC/.og/at2.uheWG/igi',NULL,'4itLDOGyJ5','2020-05-25 14:46:13','2020-05-25 14:46:13'),(14,'Jan Bartell','harris.giovanna@example.org',NULL,'2020-05-25 14:46:13','$2y$10$92IXUNpkjO0rOQ5byMi.Ye4oKoEa3Ro9llC/.og/at2.uheWG/igi',NULL,'9uv5d91cu5','2020-05-25 14:46:13','2020-05-25 14:46:13'),(15,'Enrico Beer','lisandro.luettgen@example.org',NULL,'2020-05-25 14:46:13','$2y$10$92IXUNpkjO0rOQ5byMi.Ye4oKoEa3Ro9llC/.og/at2.uheWG/igi',NULL,'2MbyQrOF2m','2020-05-25 14:46:13','2020-05-25 14:46:13'),(16,'Ms. Antonetta Dibbert','lenore.powlowski@example.org',NULL,'2020-05-25 14:46:13','$2y$10$92IXUNpkjO0rOQ5byMi.Ye4oKoEa3Ro9llC/.og/at2.uheWG/igi',NULL,'ykKwIaiXBq','2020-05-25 14:46:13','2020-05-25 14:46:13'),(17,'Damien Deckow','clifton.toy@example.org',NULL,'2020-05-25 14:46:13','$2y$10$92IXUNpkjO0rOQ5byMi.Ye4oKoEa3Ro9llC/.og/at2.uheWG/igi',NULL,'PIOi5hmtFT','2020-05-25 14:46:13','2020-05-25 14:46:13'),(18,'Dr. Clemens Will Jr.','rhill@example.net',NULL,'2020-05-25 14:46:13','$2y$10$92IXUNpkjO0rOQ5byMi.Ye4oKoEa3Ro9llC/.og/at2.uheWG/igi',NULL,'0Epasp1Gru','2020-05-25 14:46:13','2020-05-25 14:46:13'),(19,'Cynthia Cassin','xfarrell@example.com',NULL,'2020-05-25 14:46:13','$2y$10$92IXUNpkjO0rOQ5byMi.Ye4oKoEa3Ro9llC/.og/at2.uheWG/igi',NULL,'gAurTmC72w','2020-05-25 14:46:13','2020-05-25 14:46:13'),(20,'Ruthie Beatty','gleichner.imani@example.org',NULL,'2020-05-25 14:46:13','$2y$10$92IXUNpkjO0rOQ5byMi.Ye4oKoEa3Ro9llC/.og/at2.uheWG/igi',NULL,'1MouJUlYbd','2020-05-25 14:46:13','2020-05-25 14:46:13'),(21,'Mrs. Modesta Abshire I','irosenbaum@example.org',NULL,'2020-05-25 14:46:13','$2y$10$92IXUNpkjO0rOQ5byMi.Ye4oKoEa3Ro9llC/.og/at2.uheWG/igi',NULL,'tXP0t6L2W2','2020-05-25 14:46:13','2020-05-25 14:46:13'),(22,'Claudie Olson','ykihn@example.net',NULL,'2020-05-25 14:46:13','$2y$10$92IXUNpkjO0rOQ5byMi.Ye4oKoEa3Ro9llC/.og/at2.uheWG/igi',NULL,'1pPZ189acJ','2020-05-25 14:46:13','2020-05-25 14:46:13'),(23,'Casimir Davis V','beer.jamaal@example.com',NULL,'2020-05-25 14:46:13','$2y$10$92IXUNpkjO0rOQ5byMi.Ye4oKoEa3Ro9llC/.og/at2.uheWG/igi',NULL,'hm0yRibWAU','2020-05-25 14:46:13','2020-05-25 14:46:13'),(24,'Roxanne Weimann','xschamberger@example.org',NULL,'2020-05-25 14:46:13','$2y$10$92IXUNpkjO0rOQ5byMi.Ye4oKoEa3Ro9llC/.og/at2.uheWG/igi',NULL,'noWr9KjkSS','2020-05-25 14:46:13','2020-05-25 14:46:13'),(25,'Miss Herminia Lueilwitz','keshawn21@example.org',NULL,'2020-05-25 14:46:13','$2y$10$92IXUNpkjO0rOQ5byMi.Ye4oKoEa3Ro9llC/.og/at2.uheWG/igi',NULL,'EKIijcSJQc','2020-05-25 14:46:13','2020-05-25 14:46:13'),(26,'Clifton West','jheidenreich@example.com',NULL,'2020-05-25 14:46:13','$2y$10$92IXUNpkjO0rOQ5byMi.Ye4oKoEa3Ro9llC/.og/at2.uheWG/igi',NULL,'iBpXY2fnz1','2020-05-25 14:46:13','2020-05-25 14:46:13'),(27,'Dr. Ed Stokes','mustafa76@example.com',NULL,'2020-05-25 14:46:13','$2y$10$92IXUNpkjO0rOQ5byMi.Ye4oKoEa3Ro9llC/.og/at2.uheWG/igi',NULL,'nBFtruCw6M','2020-05-25 14:46:13','2020-05-25 14:46:13'),(28,'Cordie Konopelski I','jerad.collins@example.org',NULL,'2020-05-25 14:46:13','$2y$10$92IXUNpkjO0rOQ5byMi.Ye4oKoEa3Ro9llC/.og/at2.uheWG/igi',NULL,'z8cq6xHpq4','2020-05-25 14:46:13','2020-05-25 14:46:13'),(29,'Karen Funk','breitenberg.unique@example.net',NULL,'2020-05-25 14:46:13','$2y$10$92IXUNpkjO0rOQ5byMi.Ye4oKoEa3Ro9llC/.og/at2.uheWG/igi',NULL,'FOpLkFnemY','2020-05-25 14:46:13','2020-05-25 14:46:13'),(30,'Marcos Conn','mroberts@example.net',NULL,'2020-05-25 14:46:13','$2y$10$92IXUNpkjO0rOQ5byMi.Ye4oKoEa3Ro9llC/.og/at2.uheWG/igi',NULL,'C80KLyu6Vg','2020-05-25 14:46:13','2020-05-25 14:46:13'),(31,'Mrs. Elissa Corwin','isobel.bergstrom@example.net',NULL,'2020-05-25 14:46:13','$2y$10$92IXUNpkjO0rOQ5byMi.Ye4oKoEa3Ro9llC/.og/at2.uheWG/igi',NULL,'U2NxdpX8h5','2020-05-25 14:46:13','2020-05-25 14:46:13'),(32,'Janice Nicolas','dlubowitz@example.com',NULL,'2020-05-25 14:46:13','$2y$10$92IXUNpkjO0rOQ5byMi.Ye4oKoEa3Ro9llC/.og/at2.uheWG/igi',NULL,'YiI8WAkm2Z','2020-05-25 14:46:13','2020-05-25 14:46:13'),(33,'Allen Bode','pwill@example.com',NULL,'2020-05-25 14:46:13','$2y$10$92IXUNpkjO0rOQ5byMi.Ye4oKoEa3Ro9llC/.og/at2.uheWG/igi',NULL,'aXYcpQjsM2','2020-05-25 14:46:13','2020-05-25 14:46:13'),(34,'Greyson Gulgowski','bert.will@example.com',NULL,'2020-05-25 14:46:13','$2y$10$92IXUNpkjO0rOQ5byMi.Ye4oKoEa3Ro9llC/.og/at2.uheWG/igi',NULL,'m4kBf5Y3xj','2020-05-25 14:46:13','2020-05-25 14:46:13'),(35,'Name Torp','fschaefer@example.org',NULL,'2020-05-25 14:46:13','$2y$10$92IXUNpkjO0rOQ5byMi.Ye4oKoEa3Ro9llC/.og/at2.uheWG/igi',NULL,'rVh1rYlkCB','2020-05-25 14:46:13','2020-05-25 14:46:13'),(36,'Trinity Herman','wisozk.elmira@example.com',NULL,'2020-05-25 14:46:13','$2y$10$92IXUNpkjO0rOQ5byMi.Ye4oKoEa3Ro9llC/.og/at2.uheWG/igi',NULL,'YTvo34VHIl','2020-05-25 14:46:13','2020-05-25 14:46:13'),(37,'Mr. Clifton Adams','abraham.nolan@example.org',NULL,'2020-05-25 14:46:13','$2y$10$92IXUNpkjO0rOQ5byMi.Ye4oKoEa3Ro9llC/.og/at2.uheWG/igi',NULL,'xAMpTAqIx5','2020-05-25 14:46:13','2020-05-25 14:46:13'),(38,'Leslie Feeney','turner.veda@example.org',NULL,'2020-05-25 14:46:13','$2y$10$92IXUNpkjO0rOQ5byMi.Ye4oKoEa3Ro9llC/.og/at2.uheWG/igi',NULL,'vGx5tBj7nJ','2020-05-25 14:46:13','2020-05-25 14:46:13'),(39,'Prof. Marian Jones','jbosco@example.com',NULL,'2020-05-25 14:46:13','$2y$10$92IXUNpkjO0rOQ5byMi.Ye4oKoEa3Ro9llC/.og/at2.uheWG/igi',NULL,'9pnOpn1VLx','2020-05-25 14:46:13','2020-05-25 14:46:13'),(40,'Prof. Percy Weissnat PhD','ettie.welch@example.org',NULL,'2020-05-25 14:46:13','$2y$10$92IXUNpkjO0rOQ5byMi.Ye4oKoEa3Ro9llC/.og/at2.uheWG/igi',NULL,'RPnZJcQQ5J','2020-05-25 14:46:13','2020-05-25 14:46:13'),(41,'Antonetta Ziemann DDS','ddubuque@example.org',NULL,'2020-05-25 14:46:13','$2y$10$92IXUNpkjO0rOQ5byMi.Ye4oKoEa3Ro9llC/.og/at2.uheWG/igi',NULL,'cwA29VipwG','2020-05-25 14:46:13','2020-05-25 14:46:13'),(42,'Ivy Keeling','joan30@example.com',NULL,'2020-05-25 14:46:13','$2y$10$92IXUNpkjO0rOQ5byMi.Ye4oKoEa3Ro9llC/.og/at2.uheWG/igi',NULL,'jZE5r1whFl','2020-05-25 14:46:13','2020-05-25 14:46:13'),(43,'Diego Stroman','marielle.conn@example.org',NULL,'2020-05-25 14:46:13','$2y$10$92IXUNpkjO0rOQ5byMi.Ye4oKoEa3Ro9llC/.og/at2.uheWG/igi',NULL,'khQgjzsFjn','2020-05-25 14:46:13','2020-05-25 14:46:13'),(44,'Dominic Schmidt','sdaniel@example.net',NULL,'2020-05-25 14:46:13','$2y$10$92IXUNpkjO0rOQ5byMi.Ye4oKoEa3Ro9llC/.og/at2.uheWG/igi',NULL,'EK9JmfLLKG','2020-05-25 14:46:13','2020-05-25 14:46:13'),(45,'Josiane Ankunding','eva.mccullough@example.net',NULL,'2020-05-25 14:46:13','$2y$10$92IXUNpkjO0rOQ5byMi.Ye4oKoEa3Ro9llC/.og/at2.uheWG/igi',NULL,'MAdrIYC6XE','2020-05-25 14:46:13','2020-05-25 14:46:13'),(46,'Reinhold Kshlerin','kaycee80@example.org',NULL,'2020-05-25 14:46:13','$2y$10$92IXUNpkjO0rOQ5byMi.Ye4oKoEa3Ro9llC/.og/at2.uheWG/igi',NULL,'wkD7Asl9mn','2020-05-25 14:46:13','2020-05-25 14:46:13'),(47,'Prof. Robin Schamberger','tatum.kertzmann@example.org',NULL,'2020-05-25 14:46:13','$2y$10$92IXUNpkjO0rOQ5byMi.Ye4oKoEa3Ro9llC/.og/at2.uheWG/igi',NULL,'0d4K5lQasQ','2020-05-25 14:46:13','2020-05-25 14:46:13'),(48,'Mavis Swift','dbeer@example.com',NULL,'2020-05-25 14:46:13','$2y$10$92IXUNpkjO0rOQ5byMi.Ye4oKoEa3Ro9llC/.og/at2.uheWG/igi',NULL,'dZka1anHiu','2020-05-25 14:46:13','2020-05-25 14:46:13'),(49,'Prof. Whitney Ullrich','jcormier@example.org',NULL,'2020-05-25 14:46:13','$2y$10$92IXUNpkjO0rOQ5byMi.Ye4oKoEa3Ro9llC/.og/at2.uheWG/igi',NULL,'QMeqMimUUx','2020-05-25 14:46:13','2020-05-25 14:46:13'),(50,'Jazmin Klein','aglae54@example.com',NULL,'2020-05-25 14:46:13','$2y$10$92IXUNpkjO0rOQ5byMi.Ye4oKoEa3Ro9llC/.og/at2.uheWG/igi',NULL,'JI5te2DsBQ','2020-05-25 14:46:13','2020-05-25 14:46:13'),(51,'Alba Fisher','xavier.wiegand@example.org',NULL,'2020-05-25 14:46:13','$2y$10$92IXUNpkjO0rOQ5byMi.Ye4oKoEa3Ro9llC/.og/at2.uheWG/igi',NULL,'NQYmWFO6Zf','2020-05-25 14:46:13','2020-05-25 14:46:13'),(52,'Althea Weissnat','lesley.kunze@example.net',NULL,'2020-05-25 14:46:13','$2y$10$92IXUNpkjO0rOQ5byMi.Ye4oKoEa3Ro9llC/.og/at2.uheWG/igi',NULL,'7A0R1L7NqT','2020-05-25 14:46:13','2020-05-25 14:46:13'),(53,'Mrs. Roma Kuvalis Sr.','newell34@example.com',NULL,'2020-05-25 14:46:13','$2y$10$92IXUNpkjO0rOQ5byMi.Ye4oKoEa3Ro9llC/.og/at2.uheWG/igi',NULL,'t3ifHzyIsB','2020-05-25 14:46:13','2020-05-25 14:46:13'),(54,'Ottilie Cruickshank','rwillms@example.net',NULL,'2020-05-25 14:46:13','$2y$10$92IXUNpkjO0rOQ5byMi.Ye4oKoEa3Ro9llC/.og/at2.uheWG/igi',NULL,'DqdG6dLmIA','2020-05-25 14:46:13','2020-05-25 14:46:13'),(55,'Humberto Vandervort','collier.brook@example.org',NULL,'2020-05-25 14:46:13','$2y$10$92IXUNpkjO0rOQ5byMi.Ye4oKoEa3Ro9llC/.og/at2.uheWG/igi',NULL,'wRtsF58yCY','2020-05-25 14:46:14','2020-05-25 14:46:14'),(56,'Janessa Corwin','pkerluke@example.com',NULL,'2020-05-25 14:46:13','$2y$10$92IXUNpkjO0rOQ5byMi.Ye4oKoEa3Ro9llC/.og/at2.uheWG/igi',NULL,'3V9rtDdmQy','2020-05-25 14:46:14','2020-05-25 14:46:14'),(57,'Kip Bernier','forest.cremin@example.org',NULL,'2020-05-25 14:46:13','$2y$10$92IXUNpkjO0rOQ5byMi.Ye4oKoEa3Ro9llC/.og/at2.uheWG/igi',NULL,'cClnuFwDKp','2020-05-25 14:46:14','2020-05-25 14:46:14'),(59,'Amanda Toy','irwin73@example.com',NULL,'2020-05-25 14:46:13','$2y$10$92IXUNpkjO0rOQ5byMi.Ye4oKoEa3Ro9llC/.og/at2.uheWG/igi',NULL,'P0JKUM0moJ','2020-05-25 14:46:14','2020-05-25 14:46:14'),(60,'Prof. Harry Hilpert II','arnold.lesch@example.org',NULL,'2020-05-25 14:46:13','$2y$10$92IXUNpkjO0rOQ5byMi.Ye4oKoEa3Ro9llC/.og/at2.uheWG/igi',NULL,'4YCbDrw1fb','2020-05-25 14:46:14','2020-05-25 14:46:14'),(61,'Janet Lynch','monty19@example.net',NULL,'2020-05-25 14:46:13','$2y$10$92IXUNpkjO0rOQ5byMi.Ye4oKoEa3Ro9llC/.og/at2.uheWG/igi',NULL,'cJyLBZL82x','2020-05-25 14:46:14','2020-05-25 14:46:14'),(62,'Erling Roob','pfeffer.winfield@example.com',NULL,'2020-05-25 14:46:13','$2y$10$92IXUNpkjO0rOQ5byMi.Ye4oKoEa3Ro9llC/.og/at2.uheWG/igi',NULL,'xDlJc5VbiS','2020-05-25 14:46:14','2020-05-25 14:46:14'),(63,'Humberto McDermott','lula05@example.com',NULL,'2020-05-25 14:46:13','$2y$10$92IXUNpkjO0rOQ5byMi.Ye4oKoEa3Ro9llC/.og/at2.uheWG/igi',NULL,'51aA04UpKT','2020-05-25 14:46:14','2020-05-25 14:46:14'),(64,'Orlando Douglas DVM','vernice.weimann@example.org',NULL,'2020-05-25 14:46:13','$2y$10$92IXUNpkjO0rOQ5byMi.Ye4oKoEa3Ro9llC/.og/at2.uheWG/igi',NULL,'pLlTyHNcGn','2020-05-25 14:46:14','2020-05-25 14:46:14'),(65,'Guido Wisoky DDS','lueilwitz.antonette@example.com',NULL,'2020-05-25 14:46:13','$2y$10$92IXUNpkjO0rOQ5byMi.Ye4oKoEa3Ro9llC/.og/at2.uheWG/igi',NULL,'2488ze2joQ','2020-05-25 14:46:14','2020-05-25 14:46:14'),(66,'Kailey Feest','ebba.davis@example.com',NULL,'2020-05-25 14:46:13','$2y$10$92IXUNpkjO0rOQ5byMi.Ye4oKoEa3Ro9llC/.og/at2.uheWG/igi',NULL,'TNDArBtXXm','2020-05-25 14:46:14','2020-05-25 14:46:14'),(67,'Harrison Boehm','destiny11@example.net',NULL,'2020-05-25 14:46:13','$2y$10$92IXUNpkjO0rOQ5byMi.Ye4oKoEa3Ro9llC/.og/at2.uheWG/igi',NULL,'gErfvFgb9O','2020-05-25 14:46:14','2020-05-25 14:46:14'),(68,'Rogelio Connelly','hickle.berneice@example.net',NULL,'2020-05-25 14:46:13','$2y$10$92IXUNpkjO0rOQ5byMi.Ye4oKoEa3Ro9llC/.og/at2.uheWG/igi',NULL,'jd0GsQJYoc','2020-05-25 14:46:14','2020-05-25 14:46:14'),(69,'Maggie Steuber','malachi39@example.com',NULL,'2020-05-25 14:46:13','$2y$10$92IXUNpkjO0rOQ5byMi.Ye4oKoEa3Ro9llC/.og/at2.uheWG/igi',NULL,'aAXBVptEJM','2020-05-25 14:46:14','2020-05-25 14:46:14'),(70,'Moises Osinski III','madonna11@example.org',NULL,'2020-05-25 14:46:13','$2y$10$92IXUNpkjO0rOQ5byMi.Ye4oKoEa3Ro9llC/.og/at2.uheWG/igi',NULL,'MV4zzqHEPS','2020-05-25 14:46:14','2020-05-25 14:46:14'),(71,'Adell Roob','fkuhn@example.org',NULL,'2020-05-25 14:46:13','$2y$10$92IXUNpkjO0rOQ5byMi.Ye4oKoEa3Ro9llC/.og/at2.uheWG/igi',NULL,'itTpPvunKi','2020-05-25 14:46:14','2020-05-25 14:46:14'),(72,'Margarett Simonis','dan.stroman@example.net',NULL,'2020-05-25 14:46:13','$2y$10$92IXUNpkjO0rOQ5byMi.Ye4oKoEa3Ro9llC/.og/at2.uheWG/igi',NULL,'hv3mR80SV9','2020-05-25 14:46:14','2020-05-25 14:46:14'),(73,'Dr. Karen Hamill','rhuel@example.net',NULL,'2020-05-25 14:46:13','$2y$10$92IXUNpkjO0rOQ5byMi.Ye4oKoEa3Ro9llC/.og/at2.uheWG/igi',NULL,'cYF9oQ99ZF','2020-05-25 14:46:14','2020-05-25 14:46:14'),(74,'Prof. Hyman Grimes','bradford44@example.org',NULL,'2020-05-25 14:46:13','$2y$10$92IXUNpkjO0rOQ5byMi.Ye4oKoEa3Ro9llC/.og/at2.uheWG/igi',NULL,'FYuyRZ7iyI','2020-05-25 14:46:14','2020-05-25 14:46:14'),(75,'Prof. Torrance Raynor I','gregorio53@example.net',NULL,'2020-05-25 14:46:13','$2y$10$92IXUNpkjO0rOQ5byMi.Ye4oKoEa3Ro9llC/.og/at2.uheWG/igi',NULL,'Sw5JESThIk','2020-05-25 14:46:14','2020-05-25 14:46:14'),(76,'Mr. Christian Nolan','providenci13@example.org',NULL,'2020-05-25 14:46:13','$2y$10$92IXUNpkjO0rOQ5byMi.Ye4oKoEa3Ro9llC/.og/at2.uheWG/igi',NULL,'tXQUl15qWT','2020-05-25 14:46:14','2020-05-25 14:46:14'),(77,'Henriette Maggio','celine26@example.com',NULL,'2020-05-25 14:46:13','$2y$10$92IXUNpkjO0rOQ5byMi.Ye4oKoEa3Ro9llC/.og/at2.uheWG/igi',NULL,'3elALYgAEJ','2020-05-25 14:46:14','2020-05-25 14:46:14'),(78,'Verdie Greenfelder','mckenzie.myrna@example.net',NULL,'2020-05-25 14:46:13','$2y$10$92IXUNpkjO0rOQ5byMi.Ye4oKoEa3Ro9llC/.og/at2.uheWG/igi',NULL,'4DflERvm8C','2020-05-25 14:46:14','2020-05-25 14:46:14'),(79,'Prof. Weston Murray V','brisa.howell@example.org',NULL,'2020-05-25 14:46:13','$2y$10$92IXUNpkjO0rOQ5byMi.Ye4oKoEa3Ro9llC/.og/at2.uheWG/igi',NULL,'YzjVBUPFKm','2020-05-25 14:46:14','2020-05-25 14:46:14'),(80,'Alexie Morar','ford.kuhlman@example.org',NULL,'2020-05-25 14:46:13','$2y$10$92IXUNpkjO0rOQ5byMi.Ye4oKoEa3Ro9llC/.og/at2.uheWG/igi',NULL,'F7Qgfi4QFk','2020-05-25 14:46:14','2020-05-25 14:46:14'),(81,'Prof. Mckenzie Gutkowski PhD','kasey.mcglynn@example.com',NULL,'2020-05-25 14:46:13','$2y$10$92IXUNpkjO0rOQ5byMi.Ye4oKoEa3Ro9llC/.og/at2.uheWG/igi',NULL,'NMzO7dy6UF','2020-05-25 14:46:14','2020-05-25 14:46:14'),(82,'Bret Rippin','cole.augustus@example.net',NULL,'2020-05-25 14:46:13','$2y$10$92IXUNpkjO0rOQ5byMi.Ye4oKoEa3Ro9llC/.og/at2.uheWG/igi',NULL,'cvMhqy9167','2020-05-25 14:46:14','2020-05-25 14:46:14'),(83,'Alan Hartmann','mklocko@example.org',NULL,'2020-05-25 14:46:13','$2y$10$92IXUNpkjO0rOQ5byMi.Ye4oKoEa3Ro9llC/.og/at2.uheWG/igi',NULL,'EEsqRarcUH','2020-05-25 14:46:14','2020-05-25 14:46:14'),(84,'Ida Howell','nsawayn@example.net',NULL,'2020-05-25 14:46:13','$2y$10$92IXUNpkjO0rOQ5byMi.Ye4oKoEa3Ro9llC/.og/at2.uheWG/igi',NULL,'QnVIAJgtaf','2020-05-25 14:46:14','2020-05-25 14:46:14'),(85,'Donavon Tromp Jr.','nickolas80@example.org',NULL,'2020-05-25 14:46:13','$2y$10$92IXUNpkjO0rOQ5byMi.Ye4oKoEa3Ro9llC/.og/at2.uheWG/igi',NULL,'auCrIbHTIK','2020-05-25 14:46:14','2020-05-25 14:46:14'),(86,'Theron Smitham','roberta.rosenbaum@example.com',NULL,'2020-05-25 14:46:13','$2y$10$92IXUNpkjO0rOQ5byMi.Ye4oKoEa3Ro9llC/.og/at2.uheWG/igi',NULL,'4ycuKIMfAR','2020-05-25 14:46:14','2020-05-25 14:46:14'),(87,'Travon Robel II','pfeffer.baron@example.org',NULL,'2020-05-25 14:46:13','$2y$10$92IXUNpkjO0rOQ5byMi.Ye4oKoEa3Ro9llC/.og/at2.uheWG/igi',NULL,'nWysQgz9IF','2020-05-25 14:46:14','2020-05-25 14:46:14'),(88,'Casimir Labadie','edmund11@example.com',NULL,'2020-05-25 14:46:13','$2y$10$92IXUNpkjO0rOQ5byMi.Ye4oKoEa3Ro9llC/.og/at2.uheWG/igi',NULL,'T8NDMPGW2L','2020-05-25 14:46:14','2020-05-25 14:46:14'),(89,'Mayra Tillman','gturner@example.com',NULL,'2020-05-25 14:46:13','$2y$10$92IXUNpkjO0rOQ5byMi.Ye4oKoEa3Ro9llC/.og/at2.uheWG/igi',NULL,'132XxBI0rJ','2020-05-25 14:46:14','2020-05-25 14:46:14'),(90,'Bradley Predovic','graynor@example.org',NULL,'2020-05-25 14:46:13','$2y$10$92IXUNpkjO0rOQ5byMi.Ye4oKoEa3Ro9llC/.og/at2.uheWG/igi',NULL,'oOmt8uHxEu','2020-05-25 14:46:14','2020-05-25 14:46:14'),(91,'Ozella Trantow V','reichert.caleb@example.net',NULL,'2020-05-25 14:46:13','$2y$10$92IXUNpkjO0rOQ5byMi.Ye4oKoEa3Ro9llC/.og/at2.uheWG/igi',NULL,'1UbBvTEll2','2020-05-25 14:46:14','2020-05-25 14:46:14'),(92,'Mr. Tod Schultz','rpagac@example.com',NULL,'2020-05-25 14:46:13','$2y$10$92IXUNpkjO0rOQ5byMi.Ye4oKoEa3Ro9llC/.og/at2.uheWG/igi',NULL,'MUPQ5SLOan','2020-05-25 14:46:14','2020-05-25 14:46:14'),(93,'Ayana Ryan','daniel.orland@example.org',NULL,'2020-05-25 14:46:13','$2y$10$92IXUNpkjO0rOQ5byMi.Ye4oKoEa3Ro9llC/.og/at2.uheWG/igi',NULL,'4Mr3LdiB34','2020-05-25 14:46:14','2020-05-25 14:46:14'),(94,'Dr. Alana Zulauf MD','salvador98@example.org',NULL,'2020-05-25 14:46:13','$2y$10$92IXUNpkjO0rOQ5byMi.Ye4oKoEa3Ro9llC/.og/at2.uheWG/igi',NULL,'qIcYilRKNm','2020-05-25 14:46:14','2020-05-25 14:46:14'),(95,'Prof. Gavin Kub DDS','malinda.auer@example.net',NULL,'2020-05-25 14:46:13','$2y$10$92IXUNpkjO0rOQ5byMi.Ye4oKoEa3Ro9llC/.og/at2.uheWG/igi',NULL,'3whd8YmGI1','2020-05-25 14:46:14','2020-05-25 14:46:14'),(96,'Mrs. Daniela Hahn','ghirthe@example.org',NULL,'2020-05-25 14:46:13','$2y$10$92IXUNpkjO0rOQ5byMi.Ye4oKoEa3Ro9llC/.og/at2.uheWG/igi',NULL,'Cv2hHphKyX','2020-05-25 14:46:14','2020-05-25 14:46:14'),(97,'Willis Kuphal','joy13@example.net',NULL,'2020-05-25 14:46:13','$2y$10$92IXUNpkjO0rOQ5byMi.Ye4oKoEa3Ro9llC/.og/at2.uheWG/igi',NULL,'SMnX3dT6ls','2020-05-25 14:46:14','2020-05-25 14:46:14'),(98,'Ada Murazik','padberg.jennifer@example.net',NULL,'2020-05-25 14:46:13','$2y$10$92IXUNpkjO0rOQ5byMi.Ye4oKoEa3Ro9llC/.og/at2.uheWG/igi',NULL,'wByO1IgJcx','2020-05-25 14:46:14','2020-05-25 14:46:14'),(99,'Prof. Maurice Wyman','kali69@example.com',NULL,'2020-05-25 14:46:13','$2y$10$92IXUNpkjO0rOQ5byMi.Ye4oKoEa3Ro9llC/.og/at2.uheWG/igi',NULL,'hPXaTuARAm','2020-05-25 14:46:14','2020-05-25 14:46:14'),(100,'Dr. Elfrieda Schmidt','moore.hollis@example.com',NULL,'2020-05-25 14:46:13','$2y$10$92IXUNpkjO0rOQ5byMi.Ye4oKoEa3Ro9llC/.og/at2.uheWG/igi',NULL,'IMS0MiqPnh','2020-05-25 14:46:14','2020-05-25 14:46:14'),(101,'Ms. Rafaela Dibbert','tankunding@example.org',NULL,'2020-05-25 14:46:13','$2y$10$92IXUNpkjO0rOQ5byMi.Ye4oKoEa3Ro9llC/.og/at2.uheWG/igi',NULL,'LRXbTSbjAn','2020-05-25 14:46:14','2020-05-25 14:46:14'),(102,'Mr. Webster Wisozk','joanie.buckridge@example.org',NULL,'2020-05-25 14:46:13','$2y$10$92IXUNpkjO0rOQ5byMi.Ye4oKoEa3Ro9llC/.og/at2.uheWG/igi',NULL,'svGUaw7yzy','2020-05-25 14:46:14','2020-05-25 14:46:14'),(103,'El nuevo','elnuevo@nuevo.es',NULL,NULL,'$2y$10$LsqGeYld26vpIe.XCzBW6uBlS1nOZhxF5AvEHMVUrEL4P1WSEN9PS',NULL,NULL,'2020-06-03 14:09:50','2020-06-03 14:09:50'),(107,'rafael','swordblack8@gmail.com',NULL,NULL,'$2y$10$ARzaFBkN.TJzjmz388TJPu61gQWEquGBYVJ4X0Q2VLLPnbPcIQ9RO',NULL,NULL,'2020-06-03 17:37:41','2020-06-07 18:01:47'),(109,'Yolanda','yiyiauryner@gmail.com',NULL,NULL,'$2y$10$at8Dh5zkFby6WqBejDTV5e1HkAxKl6hKBI1cLPZO9ibDaoSPu4tbe',NULL,NULL,'2020-06-04 14:15:56','2020-06-04 14:15:56');
/*!40000 ALTER TABLE `users` ENABLE KEYS */;
UNLOCK TABLES;
/*!40103 SET TIME_ZONE=@OLD_TIME_ZONE */;

/*!40101 SET SQL_MODE=@OLD_SQL_MODE */;
/*!40014 SET FOREIGN_KEY_CHECKS=@OLD_FOREIGN_KEY_CHECKS */;
/*!40014 SET UNIQUE_CHECKS=@OLD_UNIQUE_CHECKS */;
/*!40101 SET CHARACTER_SET_CLIENT=@OLD_CHARACTER_SET_CLIENT */;
/*!40101 SET CHARACTER_SET_RESULTS=@OLD_CHARACTER_SET_RESULTS */;
/*!40101 SET COLLATION_CONNECTION=@OLD_COLLATION_CONNECTION */;
/*!40111 SET SQL_NOTES=@OLD_SQL_NOTES */;

-- Dump completed on 2020-06-12  0:26:59
